DATE,NIKKEI225,DJIA,DEXJPUS
2008-01-01,,,
2008-01-02,,,109.7
2008-01-03,,,109.58
2008-01-04,14691.41,,108.38
2008-01-07,14500.55,,109.1
2008-01-08,14528.67,,109.29
2008-01-09,14599.16,,109.4
2008-01-10,14388.11,,109.38
2008-01-11,14110.79,,109.11
2008-01-14,,,108.18
2008-01-15,13972.63,,107.07
2008-01-16,13504.51,,107.27
2008-01-17,13783.45,,107.01
2008-01-18,13861.29,,106.82
2008-01-21,13325.94,,
2008-01-22,12573.05,,106.76
2008-01-23,12829.06,,105.42
2008-01-24,13092.78,,106.68
2008-01-25,13629.16,,107.31
2008-01-28,13087.91,,106.65
2008-01-29,13478.86,,107.08
2008-01-30,13345.03,12442.83,107.25
2008-01-31,13592.47,12650.36,106.74
2008-02-01,13497.16,12743.19,106.3
2008-02-04,13859.7,12635.16,106.73
2008-02-05,13745.5,12265.13,106.94
2008-02-06,13099.24,12200.1,106.75
2008-02-07,13207.15,12247.0,106.82
2008-02-08,13017.24,12182.13,107.34
2008-02-11,,12240.01,106.64
2008-02-12,13021.96,12373.41,107.42
2008-02-13,13068.3,12552.24,108.15
2008-02-14,13626.45,12376.98,107.97
2008-02-15,13622.56,12348.21,107.67
2008-02-18,13635.4,,
2008-02-19,13757.91,12337.22,107.5
2008-02-20,13310.37,12427.26,107.97
2008-02-21,13688.28,12284.3,107.6
2008-02-22,13500.46,12381.02,106.98
2008-02-25,13914.57,12570.22,107.88
2008-02-26,13824.72,12684.92,107.73
2008-02-27,14031.3,12694.28,106.38
2008-02-28,13925.51,12582.18,105.64
2008-02-29,13603.02,12266.39,104.19
2008-03-03,12992.18,12258.9,103.57
2008-03-04,12992.28,12213.8,102.67
2008-03-05,12972.06,12254.99,103.99
2008-03-06,13215.42,12040.39,103.1
2008-03-07,12782.8,11893.69,102.69
2008-03-10,12532.1,11740.15,101.8
2008-03-11,12658.28,12156.81,102.87
2008-03-12,12861.13,12110.24,102.38
2008-03-13,12433.4,12145.74,100.58
2008-03-14,12241.6,11951.09,100.2
2008-03-17,11787.51,11972.25,96.88
2008-03-18,11964.16,12392.66,98.23
2008-03-19,12260.44,12099.66,99.34
2008-03-20,,12361.32,98.79
2008-03-21,12482.57,,99.4
2008-03-24,12480.09,12548.64,100.77
2008-03-25,12745.22,12532.6,100.07
2008-03-26,12706.63,12422.86,99.12
2008-03-27,12604.58,12302.46,99.87
2008-03-28,12820.47,12216.4,99.71
2008-03-31,12525.54,12262.89,99.85
2008-04-01,12656.42,12654.36,101.77
2008-04-02,13189.36,12605.83,102.77
2008-04-03,13389.9,12626.03,102.21
2008-04-04,13293.22,12609.42,101.75
2008-04-07,13450.23,12612.43,102.62
2008-04-08,13250.43,12576.44,102.55
2008-04-09,13111.89,12527.26,101.83
2008-04-10,12945.3,12581.98,101.71
2008-04-11,13323.73,12325.42,101.09
2008-04-14,12917.51,12302.06,100.87
2008-04-15,12990.58,12362.47,101.33
2008-04-16,13146.13,12619.27,101.4
2008-04-17,13398.3,12620.49,102.22
2008-04-18,13476.45,12849.36,104.56
2008-04-21,13696.55,12825.02,103.38
2008-04-22,13547.82,12720.23,102.7
2008-04-23,13579.16,12763.22,103.55
2008-04-24,13540.87,12848.95,104.2
2008-04-25,13863.47,12891.86,104.17
2008-04-28,13894.37,12871.75,104.3
2008-04-29,,12831.94,103.4
2008-04-30,13849.99,12820.13,104.53
2008-05-01,13766.86,13010.0,104.04
2008-05-02,14049.26,13058.2,105.33
2008-05-05,,12969.54,105.12
2008-05-06,,13020.83,104.54
2008-05-07,14102.48,12814.35,105.28
2008-05-08,13943.26,12866.78,103.87
2008-05-09,13655.34,12745.88,103.01
2008-05-12,13743.36,12876.31,103.83
2008-05-13,13953.73,12832.18,104.41
2008-05-14,14118.55,12898.38,105.2
2008-05-15,14251.74,12992.66,104.61
2008-05-16,14219.48,12986.8,103.86
2008-05-19,14269.61,13028.16,104.55
2008-05-20,14160.09,12828.68,103.66
2008-05-21,13926.3,12601.19,103.34
2008-05-22,13978.46,12625.62,104.03
2008-05-23,14012.2,12479.63,103.22
2008-05-26,13690.19,,
2008-05-27,13893.31,12548.35,103.98
2008-05-28,13709.44,12594.03,104.69
2008-05-29,14124.47,12646.22,105.52
2008-05-30,14338.54,12638.32,105.46
2008-06-02,14440.14,12503.82,104.41
2008-06-03,14209.17,12402.85,105.29
2008-06-04,14435.57,12390.48,104.99
2008-06-05,14341.12,12604.45,106.0
2008-06-06,14489.44,12209.81,105.33
2008-06-09,14181.38,12280.32,106.06
2008-06-10,14021.17,12289.76,107.19
2008-06-11,14183.48,12083.77,106.77
2008-06-12,13888.6,12141.58,107.94
2008-06-13,13973.73,12307.35,107.92
2008-06-16,14354.37,12269.08,108.19
2008-06-17,14348.37,12160.3,108.03
2008-06-18,14452.82,12029.06,108.05
2008-06-19,14130.17,12063.09,107.95
2008-06-20,13942.08,11842.69,107.42
2008-06-23,13857.47,11842.36,107.89
2008-06-24,13849.56,11807.43,107.76
2008-06-25,13829.92,11811.83,108.29
2008-06-26,13822.32,11453.42,107.29
2008-06-27,13544.36,11346.51,106.28
2008-06-30,13481.38,11350.01,106.17
2008-07-01,13463.2,11382.26,105.73
2008-07-02,13286.37,11215.51,105.87
2008-07-03,13265.4,11288.54,106.79
2008-07-04,13237.89,,
2008-07-07,13360.04,11231.96,107.55
2008-07-08,13033.1,11384.21,107.35
2008-07-09,13052.13,11147.44,107.12
2008-07-10,13067.21,11229.02,107.03
2008-07-11,13039.69,11100.54,106.14
2008-07-14,13010.16,11055.19,106.18
2008-07-15,12754.56,10962.54,104.78
2008-07-16,12760.8,11239.28,104.64
2008-07-17,12887.95,11446.66,105.82
2008-07-18,12803.7,11496.57,106.75
2008-07-21,,11467.34,106.74
2008-07-22,13184.96,11602.5,107.11
2008-07-23,13312.93,11632.38,107.68
2008-07-24,13603.31,11349.28,107.62
2008-07-25,13334.76,11370.69,107.89
2008-07-28,13353.78,11131.08,107.49
2008-07-29,13159.45,11397.56,108.19
2008-07-30,13367.79,11583.69,108.17
2008-07-31,13376.81,11378.02,108.1
2008-08-01,13094.59,11326.32,107.59
2008-08-04,12933.18,11284.15,108.23
2008-08-05,12914.66,11615.77,108.2
2008-08-06,13254.89,11656.07,109.39
2008-08-07,13124.99,11431.43,109.44
2008-08-08,13168.41,11734.32,110.09
2008-08-11,13430.91,11782.35,110.08
2008-08-12,13303.6,11642.47,109.78
2008-08-13,13023.05,11532.96,108.71
2008-08-14,12956.8,11615.93,109.75
2008-08-15,13019.41,11659.9,110.48
2008-08-18,13165.45,11479.39,110.07
2008-08-19,12865.05,11348.55,109.68
2008-08-20,12851.69,11417.43,109.98
2008-08-21,12752.21,11430.21,108.35
2008-08-22,12666.04,11628.06,109.88
2008-08-25,12878.66,11386.25,109.11
2008-08-26,12778.71,11412.87,109.83
2008-08-27,12752.96,11502.51,109.72
2008-08-28,12768.25,11715.18,109.56
2008-08-29,13072.87,11543.55,108.69
2008-09-01,12834.18,,
2008-09-02,12609.47,11516.92,108.85
2008-09-03,12689.59,11532.88,108.18
2008-09-04,12557.66,11188.23,107.76
2008-09-05,12212.23,11220.96,106.96
2008-09-08,12624.46,11510.74,107.91
2008-09-09,12400.65,11230.73,107.1
2008-09-10,12346.63,11268.92,107.86
2008-09-11,12102.5,11433.71,106.66
2008-09-12,12214.76,11421.99,107.51
2008-09-15,,10917.51,105.67
2008-09-16,11609.72,11059.02,105.11
2008-09-17,11749.79,10609.66,104.71
2008-09-18,11489.3,11019.69,104.85
2008-09-19,11920.86,11388.44,107.18
2008-09-22,12090.59,11015.69,106.35
2008-09-23,,10854.17,105.8
2008-09-24,12115.03,10825.17,106.03
2008-09-25,12006.53,11022.06,106.48
2008-09-26,11893.16,11143.13,106.06
2008-09-29,11743.61,10365.45,105.1
2008-09-30,11259.86,10850.66,105.94
2008-10-01,11368.26,10831.07,106.06
2008-10-02,11154.76,10482.85,105.3
2008-10-03,10938.14,10325.38,105.76
2008-10-06,10473.09,9955.5,101.26
2008-10-07,10155.9,9447.11,102.3
2008-10-08,9203.32,9258.1,99.73
2008-10-09,9157.49,8579.19,100.67
2008-10-10,8276.43,8451.19,99.44
2008-10-13,,9387.61,
2008-10-14,9447.57,9310.99,102.17
2008-10-15,9547.47,8577.91,101.47
2008-10-16,8458.45,8979.26,100.46
2008-10-17,8693.82,8852.22,101.4
2008-10-20,9005.59,9265.43,101.74
2008-10-21,9306.25,9033.66,100.43
2008-10-22,8674.69,8519.21,98.63
2008-10-23,8460.98,8691.25,97.6
2008-10-24,7649.08,8378.95,92.64
2008-10-27,7162.9,8175.77,93.28
2008-10-28,7621.92,9065.12,95.68
2008-10-29,8211.9,8990.96,97.48
2008-10-30,9029.76,9180.69,97.47
2008-10-31,8576.98,9325.01,98.28
2008-11-03,,9319.83,98.95
2008-11-04,9114.6,9625.28,100.48
2008-11-05,9521.24,9139.27,98.95
2008-11-06,8899.14,8695.79,98.04
2008-11-07,8583.0,8943.81,98.15
2008-11-10,9081.43,8870.54,97.96
2008-11-11,8809.3,8693.96,
2008-11-12,8695.51,8282.66,95.54
2008-11-13,8238.64,8835.25,95.95
2008-11-14,8462.39,8497.31,96.66
2008-11-17,8522.58,8273.58,97.03
2008-11-18,8328.41,8424.75,97.38
2008-11-19,8273.22,7997.28,96.75
2008-11-20,7703.04,7552.29,94.98
2008-11-21,7910.79,8046.42,95.42
2008-11-24,,8443.39,96.69
2008-11-25,8323.93,8479.47,95.53
2008-11-26,8213.22,8726.61,95.46
2008-11-27,8373.39,,
2008-11-28,8512.27,8829.04,95.46
2008-12-01,8397.22,8149.09,93.71
2008-12-02,7863.69,8419.09,93.64
2008-12-03,8004.1,8591.69,93.25
2008-12-04,7924.24,8376.24,92.78
2008-12-05,7917.51,8635.42,92.18
2008-12-08,8329.05,8934.18,92.77
2008-12-09,8395.87,8691.33,92.44
2008-12-10,8660.24,8761.42,92.94
2008-12-11,8720.55,8565.09,91.96
2008-12-12,8235.87,8629.68,91.26
2008-12-15,8664.66,8564.53,90.68
2008-12-16,8568.02,8924.14,89.98
2008-12-17,8612.52,8824.34,87.84
2008-12-18,8667.23,8604.99,89.81
2008-12-19,8588.52,8579.11,89.48
2008-12-22,8723.78,8519.77,90.07
2008-12-23,,8419.49,90.57
2008-12-24,8517.1,8468.48,90.68
2008-12-25,,,
2008-12-26,8739.52,8515.55,90.65
2008-12-29,8747.17,8483.93,90.2
2008-12-30,8859.56,8668.39,90.37
2008-12-31,,8776.39,90.79
2009-01-01,,,
2009-01-02,,9034.69,91.12
2009-01-05,9043.12,8952.89,93.2
2009-01-06,9080.84,9015.1,94.2
2009-01-07,9239.24,8769.7,92.7
2009-01-08,8876.42,8742.46,91.15
2009-01-09,8836.8,8599.18,90.25
2009-01-12,,8473.97,88.92
2009-01-13,8413.91,8448.56,89.65
2009-01-14,8438.45,8200.14,89.28
2009-01-15,8023.31,8212.49,89.59
2009-01-16,8230.15,8281.22,90.29
2009-01-19,8256.85,,
2009-01-20,8065.79,7949.09,90.19
2009-01-21,7901.64,8228.1,87.8
2009-01-22,8051.74,8122.8,88.64
2009-01-23,7745.25,8077.56,88.72
2009-01-26,7682.14,8116.03,89.25
2009-01-27,8061.07,8174.73,88.99
2009-01-28,8106.29,8375.45,88.87
2009-01-29,8251.24,8149.01,89.77
2009-01-30,7994.05,8000.86,89.83
2009-02-02,7873.98,7936.83,89.86
2009-02-03,7825.51,8078.36,89.09
2009-02-04,8038.94,7956.66,89.53
2009-02-05,7949.65,8063.07,91.01
2009-02-06,8076.62,8280.59,91.95
2009-02-09,7969.03,8270.87,91.47
2009-02-10,7945.94,7888.88,90.65
2009-02-11,,7939.53,90.66
2009-02-12,7705.36,7932.76,90.55
2009-02-13,7779.4,7850.41,91.84
2009-02-16,7750.17,,
2009-02-17,7645.51,7552.6,92.17
2009-02-18,7534.44,7555.63,93.81
2009-02-19,7557.65,7465.95,94.09
2009-02-20,7416.38,7365.67,93.87
2009-02-23,7376.16,7114.78,94.63
2009-02-24,7268.56,7350.94,96.6
2009-02-25,7461.22,7270.89,97.33
2009-02-26,7457.93,7182.08,98.55
2009-02-27,7568.42,7062.93,97.74
2009-03-02,7280.15,6763.29,97.17
2009-03-03,7229.72,6726.02,98.16
2009-03-04,7290.96,6875.84,99.34
2009-03-05,7433.49,6594.44,98.32
2009-03-06,7173.1,6626.94,97.88
2009-03-09,7086.03,6547.05,98.87
2009-03-10,7054.98,6926.49,98.39
2009-03-11,7376.12,6930.4,97.74
2009-03-12,7198.25,7170.06,97.86
2009-03-13,7569.28,7223.98,98.04
2009-03-16,7704.15,7216.97,98.17
2009-03-17,7949.13,7395.7,98.85
2009-03-18,7972.17,7486.58,98.08
2009-03-19,7945.96,7400.8,93.85
2009-03-20,,7278.38,96.18
2009-03-23,8215.53,7775.86,97.3
2009-03-24,8488.3,7659.97,97.86
2009-03-25,8479.99,7749.81,97.7
2009-03-26,8636.33,7924.56,98.47
2009-03-27,8626.97,7776.18,97.99
2009-03-30,8236.08,7522.02,97.44
2009-03-31,8109.53,7608.92,99.15
2009-04-01,8351.91,7761.6,98.93
2009-04-02,8719.78,7978.08,99.48
2009-04-03,8749.84,8017.59,99.94
2009-04-06,8857.93,7975.85,100.65
2009-04-07,8832.85,7789.56,100.71
2009-04-08,8595.01,7837.11,99.95
2009-04-09,8916.06,8083.38,100.43
2009-04-10,8964.11,,100.3
2009-04-13,8924.43,8057.81,100.12
2009-04-14,8842.68,7920.18,99.08
2009-04-15,8742.96,8029.62,99.37
2009-04-16,8755.26,8125.43,99.29
2009-04-17,8907.58,8131.33,99.21
2009-04-20,8924.75,7841.73,98.29
2009-04-21,8711.33,7969.56,98.6
2009-04-22,8727.3,7886.57,98.14
2009-04-23,8847.01,7957.06,97.88
2009-04-24,8707.99,8076.29,97.08
2009-04-27,8726.34,8025.0,96.57
2009-04-28,8493.77,8016.95,96.49
2009-04-29,,8185.73,96.97
2009-04-30,8828.26,8168.12,98.76
2009-05-01,8977.37,8212.41,99.24
2009-05-04,,8426.74,99.12
2009-05-05,,8410.65,98.76
2009-05-06,,8512.28,98.6
2009-05-07,9385.7,8409.85,99.0
2009-05-08,9432.83,8574.65,99.01
2009-05-11,9451.98,8418.77,97.45
2009-05-12,9298.61,8469.11,96.59
2009-05-13,9340.49,8284.89,95.75
2009-05-14,9093.73,8331.32,95.62
2009-05-15,9265.02,8268.64,94.89
2009-05-18,9038.69,8504.08,96.05
2009-05-19,9290.29,8474.85,96.1
2009-05-20,9344.64,8422.04,95.16
2009-05-21,9264.15,8292.13,94.97
2009-05-22,9225.81,8277.32,94.45
2009-05-25,9347.0,,
2009-05-26,9310.81,8473.49,94.81
2009-05-27,9438.77,8300.02,95.01
2009-05-28,9451.39,8403.8,96.76
2009-05-29,9522.5,8500.33,95.55
2009-06-01,9677.75,8721.44,96.53
2009-06-02,9704.31,8740.87,95.72
2009-06-03,9741.67,8675.28,95.72
2009-06-04,9668.96,8750.24,96.37
2009-06-05,9768.01,8763.13,98.18
2009-06-08,9865.63,8764.49,98.56
2009-06-09,9786.82,8763.06,97.6
2009-06-10,9991.49,8739.02,98.13
2009-06-11,9981.33,8770.92,97.83
2009-06-12,10135.82,8799.26,98.17
2009-06-15,10039.67,8612.13,98.03
2009-06-16,9752.88,8504.67,96.26
2009-06-17,9840.85,8497.18,95.65
2009-06-18,9703.72,8555.6,96.36
2009-06-19,9786.26,8539.73,96.15
2009-06-22,9826.27,8339.01,95.9
2009-06-23,9549.61,8322.91,95.32
2009-06-24,9590.32,8299.86,95.38
2009-06-25,9796.08,8472.4,96.21
2009-06-26,9877.39,8438.39,95.19
2009-06-29,9783.47,8529.38,95.84
2009-06-30,9958.44,8447.0,96.42
2009-07-01,9939.93,8504.06,96.41
2009-07-02,9876.15,8280.74,95.9
2009-07-03,9816.07,,95.95
2009-07-06,9680.87,8324.87,95.0
2009-07-07,9647.79,8163.6,95.11
2009-07-08,9420.75,8178.41,92.9
2009-07-09,9291.06,8183.17,92.79
2009-07-10,9287.28,8146.52,92.33
2009-07-13,9050.33,8331.68,92.74
2009-07-14,9261.81,8359.49,93.03
2009-07-15,9269.25,8616.21,94.09
2009-07-16,9344.16,8711.82,93.59
2009-07-17,9395.32,8743.94,94.08
2009-07-20,,8848.15,94.52
2009-07-21,9652.02,8915.94,93.36
2009-07-22,9723.16,8881.26,93.77
2009-07-23,9792.94,9069.29,94.75
2009-07-24,9944.55,9093.24,94.86
2009-07-27,10088.66,9108.51,95.32
2009-07-28,10087.26,9096.72,94.6
2009-07-29,10113.24,9070.72,95.13
2009-07-30,10165.21,9154.46,95.67
2009-07-31,10356.83,9171.61,94.54
2009-08-03,10352.47,9286.56,95.23
2009-08-04,10375.01,9320.19,95.41
2009-08-05,10252.53,9280.97,94.98
2009-08-06,10388.09,9256.26,95.56
2009-08-07,10412.09,9370.07,97.65
2009-08-10,10524.26,9337.95,97.23
2009-08-11,10585.46,9241.45,95.94
2009-08-12,10435.0,9361.61,96.16
2009-08-13,10517.19,9398.19,95.46
2009-08-14,10597.33,9321.4,94.64
2009-08-17,10268.61,9135.34,94.33
2009-08-18,10284.96,9217.94,94.72
2009-08-19,10204.0,9279.16,93.87
2009-08-20,10383.41,9350.05,94.12
2009-08-21,10238.2,9505.96,94.6
2009-08-24,10581.05,9509.28,94.47
2009-08-25,10497.36,9539.29,94.28
2009-08-26,10639.71,9543.52,94.25
2009-08-27,10473.97,9580.63,93.57
2009-08-28,10534.14,9544.2,93.55
2009-08-31,10492.53,9496.28,92.82
2009-09-01,10530.06,9310.6,93.09
2009-09-02,10280.46,9280.67,92.43
2009-09-03,10214.64,9344.61,92.54
2009-09-04,10187.11,9441.27,92.75
2009-09-07,10320.94,,
2009-09-08,10393.23,9497.34,92.21
2009-09-09,10312.14,9547.22,91.85
2009-09-10,10513.67,9627.48,91.86
2009-09-11,10444.33,9605.41,90.3
2009-09-14,10202.06,9626.8,90.85
2009-09-15,10217.62,9683.41,90.95
2009-09-16,10270.77,9791.71,91.0
2009-09-17,10443.8,9783.92,91.15
2009-09-18,10370.54,9820.2,91.31
2009-09-21,,9778.86,91.87
2009-09-22,,9829.87,91.08
2009-09-23,,9748.55,91.45
2009-09-24,10544.22,9707.44,91.16
2009-09-25,10265.98,9665.19,89.83
2009-09-28,10009.52,9789.36,89.34
2009-09-29,10100.2,9742.2,90.26
2009-09-30,10133.23,9712.28,89.49
2009-10-01,9978.64,9509.28,89.73
2009-10-02,9731.87,9487.67,89.62
2009-10-05,9674.49,9599.75,89.56
2009-10-06,9691.8,9731.25,88.77
2009-10-07,9799.6,9725.58,88.76
2009-10-08,9832.47,9786.87,88.44
2009-10-09,10016.39,9864.94,89.69
2009-10-12,,9885.8,
2009-10-13,10076.56,9871.06,89.71
2009-10-14,10060.21,10015.86,89.44
2009-10-15,10238.65,10062.94,90.39
2009-10-16,10257.56,9995.91,90.73
2009-10-19,10236.51,10092.19,90.72
2009-10-20,10336.84,10041.48,90.83
2009-10-21,10333.39,9949.36,91.04
2009-10-22,10267.17,10081.31,91.42
2009-10-23,10282.99,9972.18,91.88
2009-10-26,10362.62,9867.96,91.96
2009-10-27,10212.46,9882.17,92.04
2009-10-28,10075.05,9762.69,91.07
2009-10-29,9891.1,9962.58,91.41
2009-10-30,10034.74,9712.73,90.5
2009-11-02,9802.95,9789.44,90.56
2009-11-03,,9771.91,90.3
2009-11-04,9844.31,9802.14,90.96
2009-11-05,9717.44,10005.96,90.45
2009-11-06,9789.35,10023.42,89.86
2009-11-09,9808.99,10226.94,89.92
2009-11-10,9870.73,10246.97,89.82
2009-11-11,9871.68,10291.26,
2009-11-12,9804.49,10197.47,90.4
2009-11-13,9770.31,10270.47,89.55
2009-11-16,9791.18,10406.96,89.28
2009-11-17,9729.93,10437.42,89.41
2009-11-18,9676.8,10426.31,89.36
2009-11-19,9549.47,10332.44,88.95
2009-11-20,9497.68,10318.16,88.9
2009-11-23,,10450.95,89.14
2009-11-24,9401.58,10433.71,88.58
2009-11-25,9441.64,10464.4,87.65
2009-11-26,9383.24,,
2009-11-27,9081.52,10309.92,86.87
2009-11-30,9345.55,10344.84,86.12
2009-12-01,9572.2,10471.58,86.62
2009-12-02,9608.94,10452.68,87.13
2009-12-03,9977.67,10366.15,88.2
2009-12-04,10022.59,10388.9,89.87
2009-12-07,10167.6,10390.11,89.44
2009-12-08,10140.47,10285.97,88.41
2009-12-09,10004.72,10337.05,87.83
2009-12-10,9862.82,10405.83,88.2
2009-12-11,10107.87,10471.5,89.23
2009-12-14,10105.68,10501.05,88.65
2009-12-15,10083.48,10452.0,89.91
2009-12-16,10177.41,10441.12,89.52
2009-12-17,10163.8,10308.26,90.35
2009-12-18,10142.05,10328.89,90.47
2009-12-21,10183.47,10414.14,90.95
2009-12-22,10378.03,10464.93,91.67
2009-12-23,,10466.44,91.52
2009-12-24,10536.92,10520.1,91.69
2009-12-25,10494.71,,
2009-12-28,10634.23,10547.08,91.57
2009-12-29,10638.06,10545.41,91.95
2009-12-30,10546.44,10548.51,92.66
2009-12-31,,10428.05,93.08
2010-01-01,,,
2010-01-04,10654.79,10583.96,92.55
2010-01-05,10681.83,10572.02,91.48
2010-01-06,10731.45,10573.68,92.53
2010-01-07,10681.66,10606.86,93.31
2010-01-08,10798.32,10618.19,92.7
2010-01-11,,10663.99,91.9
2010-01-12,10879.14,10627.26,90.95
2010-01-13,10735.03,10680.77,91.38
2010-01-14,10907.68,10710.55,91.03
2010-01-15,10982.1,10609.65,90.79
2010-01-18,10855.08,,
2010-01-19,10764.9,10725.43,91.13
2010-01-20,10737.52,10603.15,91.23
2010-01-21,10868.41,10389.88,90.25
2010-01-22,10590.55,10172.98,90.07
2010-01-25,10512.69,10196.86,90.12
2010-01-26,10325.28,10194.29,89.63
2010-01-27,10252.08,10236.16,89.41
2010-01-28,10414.29,10120.46,90.08
2010-01-29,10198.04,10067.33,90.38
2010-02-01,10205.02,10185.53,90.8
2010-02-02,10371.09,10296.85,90.39
2010-02-03,10404.33,10270.55,91.11
2010-02-04,10355.98,10002.18,89.11
2010-02-05,10057.09,10012.23,89.25
2010-02-08,9951.82,9908.39,89.32
2010-02-09,9932.9,10058.64,89.45
2010-02-10,9963.99,10038.38,89.88
2010-02-11,,10144.19,89.82
2010-02-12,10092.19,10099.14,90.0
2010-02-15,10013.3,,
2010-02-16,10034.25,10268.81,90.46
2010-02-17,10306.83,10309.24,90.79
2010-02-18,10335.69,10392.9,91.43
2010-02-19,10123.58,10402.35,91.94
2010-02-22,10400.47,10383.38,91.11
2010-02-23,10352.1,10282.41,90.04
2010-02-24,10198.83,10374.16,90.06
2010-02-25,10101.96,10321.03,88.85
2010-02-26,10126.03,10325.26,88.84
2010-03-01,10172.06,10403.79,89.28
2010-03-02,10221.84,10405.98,88.95
2010-03-03,10253.14,10396.76,88.43
2010-03-04,10145.72,10444.14,89.02
2010-03-05,10368.96,10566.2,90.32
2010-03-08,10585.92,10552.52,90.3
2010-03-09,10567.65,10564.38,89.89
2010-03-10,10563.92,10567.33,90.62
2010-03-11,10664.95,10611.84,90.6
2010-03-12,10751.26,10624.69,90.46
2010-03-15,10751.98,10642.15,90.45
2010-03-16,10721.71,10685.98,90.43
2010-03-17,10846.98,10733.67,90.42
2010-03-18,10744.03,10779.17,90.46
2010-03-19,10824.72,10741.98,90.5
2010-03-22,,10785.89,90.02
2010-03-23,10774.15,10888.83,90.24
2010-03-24,10815.03,10836.15,91.89
2010-03-25,10828.85,10841.21,92.69
2010-03-26,10996.37,10850.36,92.56
2010-03-29,10986.47,10895.86,92.65
2010-03-30,11097.14,10907.42,92.89
2010-03-31,11089.94,10856.63,93.4
2010-04-01,11244.4,10927.07,93.83
2010-04-02,11286.09,,94.51
2010-04-05,11339.3,10973.55,94.28
2010-04-06,11282.32,10969.99,93.81
2010-04-07,11292.83,10897.52,93.59
2010-04-08,11168.2,10927.07,93.16
2010-04-09,11204.34,10997.35,93.28
2010-04-12,11251.9,11005.97,93.21
2010-04-13,11161.23,11019.42,92.78
2010-04-14,11204.9,11123.11,93.01
2010-04-15,11273.79,11144.57,93.04
2010-04-16,11102.18,11018.66,92.03
2010-04-19,10908.77,11092.05,92.18
2010-04-20,10900.68,11117.06,93.28
2010-04-21,11090.05,11124.92,93.24
2010-04-22,10949.09,11134.29,93.01
2010-04-23,10914.46,11204.28,94.18
2010-04-26,11165.79,11205.03,94.06
2010-04-27,11212.66,10991.99,93.01
2010-04-28,10924.79,11045.27,94.07
2010-04-29,,11167.32,94.16
2010-04-30,11057.4,11008.61,94.24
2010-05-03,,11151.83,94.68
2010-05-04,,10926.77,94.58
2010-05-05,,10868.12,94.3
2010-05-06,10695.69,10520.32,92.22
2010-05-07,10364.59,10380.43,91.67
2010-05-10,10530.7,10785.14,93.39
2010-05-11,10411.1,10748.26,92.83
2010-05-12,10394.03,10896.91,92.93
2010-05-13,10620.55,10782.95,92.7
2010-05-14,10462.51,10620.16,91.94
2010-05-17,10235.76,10625.83,92.08
2010-05-18,10242.64,10510.95,92.52
2010-05-19,10186.84,10444.37,91.16
2010-05-20,10030.31,10068.01,90.07
2010-05-21,9784.54,10193.39,90.21
2010-05-24,9758.4,10066.57,90.49
2010-05-25,9459.89,10043.75,89.89
2010-05-26,9522.66,9974.45,90.28
2010-05-27,9639.72,10258.99,90.71
2010-05-28,9762.98,10136.63,90.81
2010-05-31,9768.7,,
2010-06-01,9711.83,10024.02,91.16
2010-06-02,9603.24,10249.54,92.21
2010-06-03,9914.19,10255.28,92.33
2010-06-04,9901.19,9931.97,91.83
2010-06-07,9520.8,9816.49,92.0
2010-06-08,9537.94,9939.98,91.3
2010-06-09,9439.13,9899.25,91.54
2010-06-10,9542.65,10172.53,91.04
2010-06-11,9705.25,10211.07,91.72
2010-06-14,9879.85,10190.89,91.8
2010-06-15,9887.89,10404.77,91.25
2010-06-16,10067.15,10409.46,91.39
2010-06-17,9999.4,10434.17,90.92
2010-06-18,9995.02,10450.64,90.79
2010-06-21,10238.01,10442.41,91.18
2010-06-22,10112.89,10293.52,90.59
2010-06-23,9923.7,10298.44,89.82
2010-06-24,9928.34,10152.8,89.4
2010-06-25,9737.48,10143.81,89.35
2010-06-28,9693.94,10138.52,89.23
2010-06-29,9570.67,9870.3,88.39
2010-06-30,9382.64,9774.02,88.49
2010-07-01,9191.6,9732.53,87.42
2010-07-02,9203.71,9686.48,87.69
2010-07-05,9266.78,,
2010-07-06,9338.04,9743.62,87.55
2010-07-07,9279.65,10018.28,87.16
2010-07-08,9535.74,10138.99,88.44
2010-07-09,9585.32,10198.03,88.48
2010-07-12,9548.11,10216.27,88.53
2010-07-13,9537.23,10363.02,88.24
2010-07-14,9795.24,10366.72,88.59
2010-07-15,9685.53,10359.31,87.41
2010-07-16,9408.36,10097.9,86.4
2010-07-19,,10154.43,86.77
2010-07-20,9300.46,10229.96,87.22
2010-07-21,9278.83,10120.53,87.3
2010-07-22,9220.88,10322.3,87.0
2010-07-23,9430.96,10424.62,87.31
2010-07-26,9503.66,10525.43,87.2
2010-07-27,9496.85,10537.69,87.88
2010-07-28,9753.27,10497.88,87.62
2010-07-29,9696.02,10467.16,86.87
2010-07-30,9537.3,10465.94,86.43
2010-08-02,9570.31,10674.38,86.42
2010-08-03,9694.01,10636.38,85.88
2010-08-04,9489.34,10680.43,86.26
2010-08-05,9653.92,10674.98,85.83
2010-08-06,9642.12,10653.56,85.25
2010-08-09,9572.49,10698.75,85.88
2010-08-10,9551.05,10644.25,85.88
2010-08-11,9292.85,10378.83,85.36
2010-08-12,9212.59,10319.95,85.83
2010-08-13,9253.46,10303.15,86.2
2010-08-16,9196.67,10302.01,85.33
2010-08-17,9161.68,10405.85,85.51
2010-08-18,9240.54,10415.54,85.31
2010-08-19,9362.68,10271.21,85.27
2010-08-20,9179.38,10213.62,85.63
2010-08-23,9116.69,10174.41,85.16
2010-08-24,8995.14,10040.45,84.16
2010-08-25,8845.39,10060.06,84.56
2010-08-26,8906.48,9985.81,84.61
2010-08-27,8991.06,10150.65,85.1
2010-08-30,9149.26,10009.73,84.67
2010-08-31,8824.06,10014.72,84.1
2010-09-01,8927.02,10269.47,84.48
2010-09-02,9062.84,10320.1,84.15
2010-09-03,9114.13,10447.93,84.45
2010-09-06,9301.32,,
2010-09-07,9226.0,10340.69,83.75
2010-09-08,9024.6,10387.01,83.85
2010-09-09,9098.39,10415.24,83.83
2010-09-10,9239.17,10462.77,84.13
2010-09-13,9321.82,10544.13,83.53
2010-09-14,9299.31,10526.49,83.05
2010-09-15,9516.56,10572.73,85.63
2010-09-16,9509.5,10594.83,85.72
2010-09-17,9626.09,10607.85,85.77
2010-09-20,,10753.62,85.74
2010-09-21,9602.11,10761.03,85.36
2010-09-22,9566.32,10739.31,84.37
2010-09-23,,10662.42,84.32
2010-09-24,9471.67,10860.26,84.24
2010-09-27,9603.14,10812.04,84.17
2010-09-28,9495.76,10858.14,83.82
2010-09-29,9559.38,10835.28,83.61
2010-09-30,9369.35,10788.05,83.53
2010-10-01,9404.23,10829.68,83.3
2010-10-04,9381.06,10751.27,83.33
2010-10-05,9518.76,10944.72,83.17
2010-10-06,9691.43,10967.65,82.8
2010-10-07,9684.81,10948.58,82.35
2010-10-08,9588.88,11006.48,81.86
2010-10-11,,11010.34,
2010-10-12,9388.64,11020.4,81.74
2010-10-13,9403.51,11096.08,81.81
2010-10-14,9583.51,11094.57,81.44
2010-10-15,9500.25,11062.78,81.32
2010-10-18,9498.49,11143.69,81.16
2010-10-19,9539.45,10978.62,81.6
2010-10-20,9381.6,11107.97,81.14
2010-10-21,9376.48,11146.57,81.16
2010-10-22,9426.71,11132.56,81.48
2010-10-25,9401.16,11164.05,80.61
2010-10-26,9377.38,11169.46,81.28
2010-10-27,9387.03,11126.28,81.55
2010-10-28,9366.03,11113.95,80.99
2010-10-29,9202.45,11118.49,80.48
2010-11-01,9154.72,11124.62,80.66
2010-11-02,9159.98,11188.72,80.8
2010-11-03,,11215.13,81.41
2010-11-04,9358.78,11434.84,80.61
2010-11-05,9625.99,11444.08,81.35
2010-11-08,9732.92,11406.84,81.14
2010-11-09,9694.49,11346.75,81.15
2010-11-10,9830.52,11357.04,82.53
2010-11-11,9861.46,11283.1,
2010-11-12,9724.81,11192.58,82.44
2010-11-15,9827.51,11201.97,82.9
2010-11-16,9797.1,11023.5,83.41
2010-11-17,9811.66,11007.88,83.15
2010-11-18,10013.63,11181.23,83.64
2010-11-19,10022.39,11203.55,83.49
2010-11-22,10115.19,11178.58,83.46
2010-11-23,,11036.37,82.86
2010-11-24,10030.11,11187.28,83.38
2010-11-25,10079.76,,
2010-11-26,10039.56,11092.0,84.08
2010-11-29,10125.99,11052.49,84.34
2010-11-30,9937.04,11006.02,83.56
2010-12-01,9988.05,11255.78,84.0
2010-12-02,10168.52,11362.41,83.53
2010-12-03,10178.32,11382.09,82.73
2010-12-06,10167.23,11362.19,82.7
2010-12-07,10141.1,11359.16,83.04
2010-12-08,10232.33,11372.48,84.16
2010-12-09,10285.88,11370.06,83.85
2010-12-10,10211.95,11410.32,83.87
2010-12-13,10293.89,11428.56,83.57
2010-12-14,10316.77,11476.54,83.52
2010-12-15,10309.78,11457.47,84.04
2010-12-16,10311.29,11499.25,84.23
2010-12-17,10303.83,11491.91,84.15
2010-12-20,10216.41,11478.13,83.72
2010-12-21,10370.53,11533.16,83.76
2010-12-22,10346.48,11559.49,83.56
2010-12-23,,11573.49,82.97
2010-12-24,10279.19,,
2010-12-27,10355.99,11555.03,82.91
2010-12-28,10292.63,11575.54,82.21
2010-12-29,10344.54,11585.38,81.9
2010-12-30,10228.92,11569.71,81.67
2010-12-31,,11577.51,
2011-01-03,,11670.75,81.56
2011-01-04,10398.1,11691.18,81.96
2011-01-05,10380.77,11722.89,83.22
2011-01-06,10529.76,11697.31,83.15
2011-01-07,10541.04,11674.76,83.04
2011-01-10,,11637.45,82.78
2011-01-11,10510.68,11671.88,83.36
2011-01-12,10512.8,11755.44,83.29
2011-01-13,10589.76,11731.9,82.72
2011-01-14,10499.04,11787.38,82.99
2011-01-17,10502.86,,
2011-01-18,10518.98,11837.93,82.66
2011-01-19,10557.1,11825.29,82.03
2011-01-20,10437.31,11822.8,83.02
2011-01-21,10274.52,11871.84,82.63
2011-01-24,10345.11,11980.52,82.44
2011-01-25,10464.42,11977.19,82.35
2011-01-26,10401.9,11985.44,82.27
2011-01-27,10478.66,11989.83,83.03
2011-01-28,10360.34,11823.7,82.03
2011-01-31,10237.92,11891.93,81.97
2011-02-01,10274.5,12040.16,81.48
2011-02-02,10457.36,12041.97,81.82
2011-02-03,10431.36,12062.26,81.48
2011-02-04,10543.52,12092.15,81.99
2011-02-07,10592.04,12161.63,82.4
2011-02-08,10635.98,12233.15,81.92
2011-02-09,10617.83,12239.89,82.47
2011-02-10,10605.65,12229.29,83.11
2011-02-11,,12273.26,83.52
2011-02-14,10725.54,12268.19,83.32
2011-02-15,10746.67,12226.64,83.79
2011-02-16,10808.29,12288.17,83.73
2011-02-17,10836.64,12318.14,83.25
2011-02-18,10842.8,12391.25,83.22
2011-02-21,10857.53,,
2011-02-22,10664.7,12212.79,82.94
2011-02-23,10579.1,12105.78,82.39
2011-02-24,10452.71,12068.5,81.67
2011-02-25,10526.76,12130.45,81.76
2011-02-28,10624.09,12226.34,81.94
2011-03-01,10754.03,12058.02,81.86
2011-03-02,10492.38,12066.8,81.62
2011-03-03,10586.02,12258.2,82.41
2011-03-04,10693.66,12169.88,82.35
2011-03-07,10505.02,12090.03,82.12
2011-03-08,10525.19,12214.38,82.69
2011-03-09,10589.5,12213.09,82.78
2011-03-10,10434.38,11984.61,82.98
2011-03-11,10254.43,12044.4,81.77
2011-03-14,9620.49,11993.16,81.65
2011-03-15,8605.15,11855.42,80.82
2011-03-16,9093.72,11613.3,80.17
2011-03-17,8962.67,11774.59,78.74
2011-03-18,9206.75,11858.52,81.14
2011-03-21,,12036.53,81.11
2011-03-22,9608.32,12018.63,81.0
2011-03-23,9449.47,12086.02,80.94
2011-03-24,9435.01,12170.56,80.82
2011-03-25,9536.13,12220.59,81.12
2011-03-28,9478.53,12197.88,81.67
2011-03-29,9459.08,12279.01,82.38
2011-03-30,9708.79,12350.61,82.98
2011-03-31,9755.1,12319.73,82.76
2011-04-01,9708.39,12376.72,84.05
2011-04-04,9718.89,12400.03,83.98
2011-04-05,9615.55,12393.9,84.65
2011-04-06,9584.37,12426.75,85.26
2011-04-07,9590.93,12409.49,84.98
2011-04-08,9768.08,12380.05,84.99
2011-04-11,9719.7,12381.11,84.58
2011-04-12,9555.26,12263.58,83.79
2011-04-13,9641.18,12270.99,83.59
2011-04-14,9653.92,12285.15,83.23
2011-04-15,9591.52,12341.83,83.13
2011-04-18,9556.65,12201.59,82.43
2011-04-19,9441.03,12266.75,82.41
2011-04-20,9606.82,12453.54,82.58
2011-04-21,9685.77,12505.99,81.81
2011-04-22,9682.21,,81.92
2011-04-25,9671.96,12479.88,81.93
2011-04-26,9558.69,12595.37,81.93
2011-04-27,9691.84,12690.96,82.6
2011-04-28,9849.74,12763.31,81.57
2011-04-29,,12810.54,81.31
2011-05-02,10004.2,12807.36,81.23
2011-05-03,,12807.51,81.02
2011-05-04,,12723.58,80.69
2011-05-05,,12584.17,80.12
2011-05-06,9859.2,12638.74,80.51
2011-05-09,9794.38,12684.68,80.66
2011-05-10,9818.76,12760.36,80.75
2011-05-11,9864.26,12630.03,80.78
2011-05-12,9716.65,12695.92,80.75
2011-05-13,9648.77,12595.75,80.76
2011-05-16,9558.3,12548.37,80.82
2011-05-17,9567.02,12479.58,81.39
2011-05-18,9662.08,12560.18,81.37
2011-05-19,9620.82,12605.32,81.78
2011-05-20,9607.08,12512.04,81.64
2011-05-23,9460.63,12381.26,81.81
2011-05-24,9477.17,12356.21,82.12
2011-05-25,9422.88,12394.66,81.96
2011-05-26,9562.05,12402.76,81.44
2011-05-27,9521.94,12441.58,80.75
2011-05-30,9504.97,,
2011-05-31,9693.73,12569.79,81.29
2011-06-01,9719.61,12290.14,80.82
2011-06-02,9555.04,12248.55,80.98
2011-06-03,9492.21,12151.26,80.38
2011-06-06,9380.35,12089.96,80.19
2011-06-07,9442.95,12070.81,80.21
2011-06-08,9449.46,12048.94,79.87
2011-06-09,9467.15,12124.36,80.07
2011-06-10,9514.44,11951.91,80.26
2011-06-13,9448.21,11952.97,80.16
2011-06-14,9547.79,12076.11,80.5
2011-06-15,9574.32,11897.27,80.71
2011-06-16,9411.28,11961.52,80.7
2011-06-17,9351.4,12004.36,80.1
2011-06-20,9354.32,12080.38,80.26
2011-06-21,9459.66,12190.01,80.15
2011-06-22,9629.43,12109.67,80.06
2011-06-23,9596.74,12050.0,80.45
2011-06-24,9678.71,11934.58,80.32
2011-06-27,9578.31,12043.56,80.89
2011-06-28,9648.98,12188.69,80.85
2011-06-29,9797.26,12261.42,80.8
2011-06-30,9816.09,12414.34,80.64
2011-07-01,9868.07,12582.77,80.81
2011-07-04,9965.09,,
2011-07-05,9972.46,12569.87,81.14
2011-07-06,10082.48,12626.02,80.9
2011-07-07,10071.14,12719.49,81.26
2011-07-08,10137.73,12657.2,80.64
2011-07-11,10069.53,12505.76,80.37
2011-07-12,9925.92,12446.88,79.53
2011-07-13,9963.14,12491.61,78.99
2011-07-14,9936.12,12437.12,79.11
2011-07-15,9974.47,12479.73,79.03
2011-07-18,,12385.16,79.1
2011-07-19,9889.72,12587.42,78.91
2011-07-20,10005.9,12571.91,78.76
2011-07-21,10010.39,12724.41,78.47
2011-07-22,10132.11,12681.16,78.44
2011-07-25,10050.01,12592.8,78.31
2011-07-26,10097.72,12501.3,78.04
2011-07-27,10047.19,12302.55,77.99
2011-07-28,9901.35,12240.11,77.87
2011-07-29,9833.03,12143.24,77.18
2011-08-01,9965.01,12132.49,76.87
2011-08-02,9844.59,11866.62,77.13
2011-08-03,9637.14,11896.44,76.87
2011-08-04,9659.18,11383.68,79.01
2011-08-05,9299.88,11444.61,78.48
2011-08-08,9097.56,10809.85,77.53
2011-08-09,8944.48,11239.77,77.16
2011-08-10,9038.74,10719.94,76.41
2011-08-11,8981.94,11143.31,76.68
2011-08-12,8963.72,11269.02,76.79
2011-08-15,9086.41,11482.9,76.73
2011-08-16,9107.43,11405.93,76.76
2011-08-17,9057.26,11410.21,76.46
2011-08-18,8943.76,10990.58,76.52
2011-08-19,8719.24,10817.65,76.46
2011-08-22,8628.13,10854.65,76.77
2011-08-23,8733.01,11176.76,76.59
2011-08-24,8639.61,11320.71,76.78
2011-08-25,8772.36,11149.82,77.38
2011-08-26,8797.78,11284.54,76.62
2011-08-29,8851.35,11539.25,76.96
2011-08-30,8953.9,11559.95,76.75
2011-08-31,8955.2,11613.53,76.5
2011-09-01,9060.8,11493.57,76.81
2011-09-02,8950.74,11240.26,76.79
2011-09-05,8784.46,,
2011-09-06,8590.57,11139.3,77.48
2011-09-07,8763.41,11414.86,77.39
2011-09-08,8793.12,11295.81,77.43
2011-09-09,8737.66,10992.13,77.31
2011-09-12,8535.67,11061.12,77.15
2011-09-13,8616.55,11105.85,76.88
2011-09-14,8518.57,11246.73,76.71
2011-09-15,8668.86,11433.18,76.7
2011-09-16,8864.16,11509.09,76.89
2011-09-19,,11401.01,76.48
2011-09-20,8721.24,11408.66,76.52
2011-09-21,8741.16,11124.84,76.38
2011-09-22,8560.26,10733.83,76.31
2011-09-23,,10771.48,76.3
2011-09-26,8374.13,11043.86,76.35
2011-09-27,8609.95,11190.69,76.6
2011-09-28,8615.65,11010.9,76.51
2011-09-29,8701.23,11153.98,76.68
2011-09-30,8700.29,10913.38,77.04
2011-10-03,8545.48,10655.3,76.66
2011-10-04,8456.12,10808.71,76.86
2011-10-05,8382.98,10939.95,76.86
2011-10-06,8522.02,11123.33,76.64
2011-10-07,8605.62,11103.12,76.77
2011-10-10,,11433.18,
2011-10-11,8773.68,11416.3,76.66
2011-10-12,8738.9,11518.85,77.3
2011-10-13,8823.25,11478.13,76.88
2011-10-14,8747.96,11644.49,77.36
2011-10-17,8879.6,11397.0,76.8
2011-10-18,8741.91,11577.05,76.75
2011-10-19,8772.54,11504.62,76.79
2011-10-20,8682.15,11541.78,76.91
2011-10-21,8678.89,11808.79,76.1
2011-10-24,8843.98,11913.62,76.1
2011-10-25,8762.31,11706.62,75.88
2011-10-26,8748.47,11869.04,76.05
2011-10-27,8926.54,12208.55,75.8
2011-10-28,9050.47,12231.11,75.72
2011-10-31,8988.39,11955.01,77.97
2011-11-01,8835.52,11657.96,78.28
2011-11-02,8640.42,11836.04,78.04
2011-11-03,,12044.47,77.96
2011-11-04,8801.4,11983.24,78.17
2011-11-07,8767.09,12068.39,78.06
2011-11-08,8655.51,12170.18,77.79
2011-11-09,8755.44,11780.94,77.77
2011-11-10,8500.8,11893.79,77.58
2011-11-11,8514.47,12153.68,
2011-11-14,8603.7,12078.98,77.02
2011-11-15,8541.93,12096.16,76.99
2011-11-16,8463.16,11905.59,77.02
2011-11-17,8479.63,11770.73,76.98
2011-11-18,8374.91,11796.16,76.93
2011-11-21,8348.27,11547.31,76.97
2011-11-22,8314.74,11493.72,77.07
2011-11-23,,11257.55,77.41
2011-11-24,8165.18,,
2011-11-25,8160.01,11231.78,77.66
2011-11-28,8287.49,11523.01,78.05
2011-11-29,8477.82,11555.63,77.86
2011-11-30,8434.61,12045.68,77.58
2011-12-01,8597.38,12020.03,77.6
2011-12-02,8643.75,12019.42,77.88
2011-12-05,8695.98,12097.83,77.77
2011-12-06,8575.16,12150.13,77.73
2011-12-07,8722.17,12196.37,77.69
2011-12-08,8664.58,11997.7,77.67
2011-12-09,8536.46,12184.26,77.58
2011-12-12,8653.82,12021.39,77.87
2011-12-13,8552.81,11954.94,77.86
2011-12-14,8519.13,11823.48,78.08
2011-12-15,8377.37,11868.81,77.87
2011-12-16,8401.72,11866.39,77.65
2011-12-19,8296.12,11766.26,77.96
2011-12-20,8336.48,12103.58,77.76
2011-12-21,8459.98,12107.74,78.0
2011-12-22,8395.16,12169.65,78.13
2011-12-23,,12294.0,78.13
2011-12-26,8479.34,,
2011-12-27,8440.56,12291.35,77.83
2011-12-28,8423.62,12151.41,77.98
2011-12-29,8398.89,12287.04,77.71
2011-12-30,8455.35,12217.56,76.98
2012-01-02,,,
2012-01-03,,12397.38,76.67
2012-01-04,8560.11,12418.42,76.68
2012-01-05,8488.71,12415.7,77.18
2012-01-06,8390.35,12359.92,77.06
2012-01-09,,12392.69,76.88
2012-01-10,8422.26,12462.47,76.84
2012-01-11,8447.88,12449.45,76.9
2012-01-12,8385.59,12471.02,76.76
2012-01-13,8500.02,12422.06,76.9
2012-01-16,8378.36,,
2012-01-17,8466.4,12482.07,76.8
2012-01-18,8550.58,12578.95,76.81
2012-01-19,8639.68,12623.98,77.23
2012-01-20,8766.36,12720.48,76.97
2012-01-23,8765.9,12708.82,76.92
2012-01-24,8785.33,12675.75,77.78
2012-01-25,8883.69,12756.96,78.13
2012-01-26,8849.47,12734.63,77.47
2012-01-27,8841.22,12660.46,76.68
2012-01-30,8793.05,12653.72,76.28
2012-01-31,8802.51,12632.91,76.34
2012-02-01,8809.79,12716.46,76.11
2012-02-02,8876.82,12705.41,76.13
2012-02-03,8831.93,12862.23,76.54
2012-02-06,8929.2,12845.13,76.54
2012-02-07,8917.52,12878.2,76.88
2012-02-08,9015.59,12883.95,76.9
2012-02-09,9002.24,12890.46,77.42
2012-02-10,8947.17,12801.23,77.57
2012-02-13,8999.18,12874.04,77.52
2012-02-14,9052.07,12878.28,78.39
2012-02-15,9260.34,12780.95,78.22
2012-02-16,9238.1,12904.08,78.77
2012-02-17,9384.17,12949.87,79.33
2012-02-20,9485.09,,
2012-02-21,9463.02,12965.69,79.73
2012-02-22,9554.0,12938.67,80.3
2012-02-23,9595.57,12984.69,80.21
2012-02-24,9647.38,12982.95,80.88
2012-02-27,9633.93,12981.51,80.42
2012-02-28,9722.52,13005.12,80.44
2012-02-29,9723.24,12952.07,81.1
2012-03-01,9707.37,12980.3,81.16
2012-03-02,9777.03,12977.57,81.56
2012-03-05,9698.59,12962.81,81.43
2012-03-06,9637.63,12759.15,80.86
2012-03-07,9576.06,12837.33,81.06
2012-03-08,9768.96,12907.94,81.5
2012-03-09,9929.74,12922.02,82.59
2012-03-12,9889.86,12959.71,82.21
2012-03-13,9899.08,13177.68,82.66
2012-03-14,10050.52,13194.1,83.78
2012-03-15,10123.28,13252.76,83.28
2012-03-16,10129.83,13232.62,83.34
2012-03-19,10141.99,13239.13,83.31
2012-03-20,,13170.19,83.62
2012-03-21,10086.49,13124.62,83.62
2012-03-22,10127.08,13046.14,82.5
2012-03-23,10011.47,13080.73,82.35
2012-03-26,10018.24,13241.63,82.84
2012-03-27,10255.15,13197.73,83.15
2012-03-28,10182.57,13126.21,82.74
2012-03-29,10114.79,13145.82,82.28
2012-03-30,10083.56,13212.04,82.41
2012-04-02,10109.87,13264.49,82.16
2012-04-03,10050.39,13199.55,82.18
2012-04-04,9819.99,13074.75,82.62
2012-04-05,9767.61,13060.14,82.33
2012-04-06,9688.45,,81.56
2012-04-09,9546.26,12929.59,81.36
2012-04-10,9538.02,12715.93,80.94
2012-04-11,9458.74,12805.39,80.88
2012-04-12,9524.79,12986.58,80.87
2012-04-13,9637.99,12849.59,80.99
2012-04-16,9470.64,12921.41,80.46
2012-04-17,9464.71,13115.54,80.72
2012-04-18,9667.26,13032.75,81.29
2012-04-19,9588.38,12964.1,81.57
2012-04-20,9561.36,13029.26,81.6
2012-04-23,9542.17,12927.17,81.16
2012-04-24,9468.04,13001.56,81.21
2012-04-25,9561.01,13090.72,81.33
2012-04-26,9561.83,13204.62,80.78
2012-04-27,9520.89,13228.31,80.48
2012-04-30,,13213.63,79.81
2012-05-01,9350.95,13279.32,80.17
2012-05-02,9380.25,13268.57,80.19
2012-05-03,,13206.59,80.36
2012-05-04,,13038.27,79.84
2012-05-07,9119.14,13008.53,79.88
2012-05-08,9181.65,12932.09,79.79
2012-05-09,9045.06,12835.06,79.64
2012-05-10,9009.65,12855.04,79.91
2012-05-11,8953.31,12820.6,79.86
2012-05-14,8973.84,12695.35,79.83
2012-05-15,8900.74,12632.0,80.09
2012-05-16,8801.17,12598.55,80.32
2012-05-17,8876.59,12442.49,79.26
2012-05-18,8611.31,12369.38,79.14
2012-05-21,8633.89,12504.48,79.31
2012-05-22,8729.29,12502.81,79.98
2012-05-23,8556.6,12496.15,79.33
2012-05-24,8563.38,12529.75,79.47
2012-05-25,8580.39,12454.83,79.64
2012-05-28,8593.15,,
2012-05-29,8657.08,12580.69,79.44
2012-05-30,8633.19,12419.86,78.93
2012-05-31,8542.73,12393.45,78.29
2012-06-01,8440.25,12118.57,78.21
2012-06-04,8295.63,12101.46,78.3
2012-06-05,8382.0,12127.95,78.57
2012-06-06,8533.53,12414.79,79.11
2012-06-07,8639.72,12460.96,79.67
2012-06-08,8459.26,12554.2,79.47
2012-06-11,8624.9,12411.23,79.5
2012-06-12,8536.72,12573.8,79.44
2012-06-13,8587.84,12496.38,79.35
2012-06-14,8568.89,12651.91,79.29
2012-06-15,8569.32,12767.17,78.65
2012-06-18,8721.02,12741.82,78.95
2012-06-19,8655.87,12837.33,78.92
2012-06-20,8752.31,12824.39,79.54
2012-06-21,8824.07,12573.57,80.18
2012-06-22,8798.35,12640.78,80.52
2012-06-25,8734.62,12502.66,79.5
2012-06-26,8663.99,12534.67,79.46
2012-06-27,8730.49,12627.01,79.83
2012-06-28,8874.11,12602.26,79.35
2012-06-29,9006.78,12880.09,79.81
2012-07-02,9003.48,12871.39,79.42
2012-07-03,9066.59,12943.82,79.77
2012-07-04,9104.17,,
2012-07-05,9079.8,12896.67,79.95
2012-07-06,9020.75,12772.47,79.61
2012-07-09,8896.88,12736.29,79.66
2012-07-10,8857.73,12653.12,79.44
2012-07-11,8851.0,12604.53,79.7
2012-07-12,8720.01,12573.27,79.29
2012-07-13,8724.12,12777.09,79.2
2012-07-16,,12727.21,78.8
2012-07-17,8755.0,12805.54,79.04
2012-07-18,8726.74,12908.7,78.79
2012-07-19,8795.55,12943.36,78.6
2012-07-20,8669.87,12822.57,78.49
2012-07-23,8508.32,12721.46,78.38
2012-07-24,8488.09,12617.32,78.19
2012-07-25,8365.9,12676.05,78.21
2012-07-26,8443.1,12887.93,78.24
2012-07-27,8566.64,13075.66,78.55
2012-07-30,8635.44,13073.01,78.2
2012-07-31,8695.06,13008.68,78.1
2012-08-01,8641.85,12971.06,78.19
2012-08-02,8653.18,12878.88,78.22
2012-08-03,8555.11,13096.17,78.6
2012-08-06,8726.29,13117.51,78.17
2012-08-07,8803.31,13168.6,78.71
2012-08-08,8881.16,13175.64,78.44
2012-08-09,8978.6,13165.19,78.64
2012-08-10,8891.44,13207.95,78.24
2012-08-13,8885.15,13169.43,78.34
2012-08-14,8929.88,13172.14,78.82
2012-08-15,8925.04,13164.78,78.89
2012-08-16,9092.76,13250.11,79.25
2012-08-17,9162.5,13275.2,79.5
2012-08-20,9171.16,13271.64,79.41
2012-08-21,9156.92,13203.58,79.43
2012-08-22,9131.74,13172.76,79.19
2012-08-23,9178.12,13057.46,78.46
2012-08-24,9070.76,13157.97,78.65
2012-08-27,9085.39,13124.67,78.67
2012-08-28,9033.29,13102.99,78.5
2012-08-29,9069.81,13107.48,78.72
2012-08-30,8983.78,13000.71,78.55
2012-08-31,8839.91,13090.84,78.3
2012-09-03,8783.89,,
2012-09-04,8775.51,13035.94,78.35
2012-09-05,8679.82,13047.48,78.34
2012-09-06,8680.57,13292.0,78.96
2012-09-07,8871.65,13306.64,78.14
2012-09-10,8869.37,13254.29,78.24
2012-09-11,8807.38,13323.36,77.78
2012-09-12,8959.96,13333.35,77.86
2012-09-13,8995.15,13539.86,77.41
2012-09-14,9159.39,13593.37,78.22
2012-09-17,,13553.1,78.68
2012-09-18,9123.77,13564.64,78.59
2012-09-19,9232.21,13577.96,78.4
2012-09-20,9086.98,13596.93,78.3
2012-09-21,9110.0,13579.47,78.17
2012-09-24,9069.29,13558.92,77.9
2012-09-25,9091.54,13457.55,77.91
2012-09-26,8906.7,13413.51,77.78
2012-09-27,8949.87,13485.97,77.62
2012-09-28,8870.16,13437.13,77.92
2012-10-01,8796.51,13515.11,78.0
2012-10-02,8786.05,13482.36,78.01
2012-10-03,8746.87,13494.61,78.57
2012-10-04,8824.59,13575.36,78.44
2012-10-05,8863.3,13610.15,78.66
2012-10-08,,13583.65,
2012-10-09,8769.59,13473.53,78.23
2012-10-10,8596.23,13344.97,78.26
2012-10-11,8546.78,13326.39,78.44
2012-10-12,8534.12,13328.85,78.31
2012-10-15,8577.93,13424.23,78.76
2012-10-16,8701.31,13551.78,78.92
2012-10-17,8806.55,13557.0,78.74
2012-10-18,8982.86,13548.94,79.24
2012-10-19,9002.68,13343.51,79.26
2012-10-22,9010.71,13345.89,79.84
2012-10-23,9014.25,13102.53,79.79
2012-10-24,8954.3,13077.34,79.82
2012-10-25,9055.2,13103.68,80.04
2012-10-26,8933.06,13107.21,79.63
2012-10-29,8929.34,,79.81
2012-10-30,8841.98,,79.58
2012-10-31,8928.29,13096.46,79.94
2012-11-01,8946.87,13232.62,80.14
2012-11-02,9051.22,13093.16,80.53
2012-11-05,9007.44,13112.44,80.17
2012-11-06,8975.15,13245.68,80.28
2012-11-07,8972.89,12932.73,79.85
2012-11-08,8837.15,12811.32,79.74
2012-11-09,8757.6,12815.39,79.46
2012-11-12,8676.44,12815.08,
2012-11-13,8661.05,12756.18,79.42
2012-11-14,8664.73,12570.95,80.2
2012-11-15,8829.72,12542.38,81.16
2012-11-16,9024.16,12588.31,81.28
2012-11-19,9153.2,12795.96,81.18
2012-11-20,9142.64,12788.51,81.72
2012-11-21,9222.52,12836.89,82.36
2012-11-22,9366.8,,
2012-11-23,,13009.68,82.34
2012-11-26,9388.94,12967.37,82.11
2012-11-27,9423.3,12878.13,82.23
2012-11-28,9308.35,12985.11,81.84
2012-11-29,9400.88,13021.82,82.06
2012-11-30,9446.01,13025.58,82.54
2012-12-03,9458.18,12965.6,82.24
2012-12-04,9432.46,12951.78,81.86
2012-12-05,9468.84,13034.49,82.4
2012-12-06,9545.16,13074.04,82.29
2012-12-07,9527.39,13155.13,82.37
2012-12-10,9533.75,13169.88,82.37
2012-12-11,9525.32,13248.44,82.42
2012-12-12,9581.46,13245.45,83.1
2012-12-13,9742.73,13170.72,83.54
2012-12-14,9737.56,13135.01,83.52
2012-12-17,9828.88,13235.39,83.7
2012-12-18,9923.01,13350.96,84.0
2012-12-19,10160.4,13251.97,84.32
2012-12-20,10039.33,13311.72,84.33
2012-12-21,9940.06,13190.84,84.1
2012-12-24,,13139.08,84.81
2012-12-25,10080.12,,
2012-12-26,10230.36,13114.59,85.62
2012-12-27,10322.98,13096.31,86.06
2012-12-28,10395.18,12938.11,86.12
2012-12-31,,13104.14,86.64
2013-01-01,,,
2013-01-02,,13412.55,87.1
2013-01-03,,13391.36,86.92
2013-01-04,10688.11,13435.21,88.14
2013-01-07,10599.01,13384.29,87.68
2013-01-08,10508.06,13328.85,87.31
2013-01-09,10578.57,13390.51,87.9
2013-01-10,10652.64,13471.22,88.16
2013-01-11,10801.57,13488.43,89.22
2013-01-14,,13507.32,89.34
2013-01-15,10879.08,13534.89,88.65
2013-01-16,10600.44,13511.23,88.64
2013-01-17,10609.64,13596.02,89.41
2013-01-18,10913.3,13649.7,89.9
2013-01-21,10747.74,,
2013-01-22,10709.93,13712.21,88.62
2013-01-23,10486.99,13779.33,88.44
2013-01-24,10620.87,13825.33,90.04
2013-01-25,10926.65,13895.98,91.04
2013-01-28,10824.31,13881.93,90.73
2013-01-29,10866.72,13954.42,90.65
2013-01-30,11113.95,13910.42,91.05
2013-01-31,11138.66,13860.58,91.28
2013-02-01,11191.34,14009.79,92.54
2013-02-04,11260.35,13880.08,92.57
2013-02-05,11046.92,13979.3,93.34
2013-02-06,11463.75,13986.52,93.56
2013-02-07,11357.07,13944.05,93.24
2013-02-08,11153.16,13992.97,92.72
2013-02-11,,13971.24,93.44
2013-02-12,11369.12,14018.7,93.14
2013-02-13,11251.41,13982.91,93.39
2013-02-14,11307.28,13973.39,93.1
2013-02-15,11173.83,13981.76,93.64
2013-02-18,11407.87,,
2013-02-19,11372.34,14035.67,93.54
2013-02-20,11468.28,13927.54,93.53
2013-02-21,11309.13,13880.62,92.96
2013-02-22,11385.94,14000.57,93.35
2013-02-25,11662.52,13784.17,93.35
2013-02-26,11398.81,13900.13,91.38
2013-02-27,11253.97,14075.37,91.88
2013-02-28,11559.36,14054.49,92.36
2013-03-01,11606.38,14089.66,93.38
2013-03-04,11652.29,14127.82,93.32
2013-03-05,11683.45,14253.77,93.39
2013-03-06,11932.27,14296.24,93.64
2013-03-07,11968.08,14329.49,95.0
2013-03-08,12283.62,14397.07,96.0
2013-03-11,12349.05,14447.29,96.12
2013-03-12,12314.81,14450.06,95.96
2013-03-13,12239.66,14455.28,96.0
2013-03-14,12381.19,14539.14,96.16
2013-03-15,12560.95,14514.11,95.26
2013-03-18,12220.63,14452.06,94.92
2013-03-19,12468.23,14455.82,94.85
2013-03-20,,14511.73,95.51
2013-03-21,12635.69,14421.49,95.06
2013-03-22,12338.53,14512.03,94.48
2013-03-25,12546.46,14447.75,94.34
2013-03-26,12471.62,14559.65,94.22
2013-03-27,12493.79,14526.16,94.38
2013-03-28,12335.96,14578.54,94.02
2013-03-29,12397.91,,94.16
2013-04-01,12135.02,14572.85,93.3
2013-04-02,12003.43,14662.01,93.43
2013-04-03,12362.2,14550.35,92.96
2013-04-04,12634.54,14606.11,96.12
2013-04-05,12833.64,14565.25,96.86
2013-04-08,13192.59,14613.48,98.9
2013-04-09,13192.35,14673.46,99.02
2013-04-10,13288.13,14802.24,99.61
2013-04-11,13549.16,14865.14,99.42
2013-04-12,13485.14,14865.06,98.98
2013-04-15,13275.66,14599.2,98.0
2013-04-16,13221.44,14756.78,97.86
2013-04-17,13382.89,14618.59,97.74
2013-04-18,13220.07,14537.14,98.22
2013-04-19,13316.48,14547.51,99.28
2013-04-22,13568.37,14567.17,99.29
2013-04-23,13529.65,14719.46,99.43
2013-04-24,13843.46,14676.3,99.39
2013-04-25,13926.08,14700.8,99.42
2013-04-26,13884.13,14712.55,97.84
2013-04-29,,14818.75,98.09
2013-04-30,13860.86,14839.8,97.52
2013-05-01,13799.35,14700.95,97.28
2013-05-02,13694.04,14831.58,97.96
2013-05-03,,14973.96,99.1
2013-05-06,,14968.89,99.35
2013-05-07,14180.24,15056.2,99.0
2013-05-08,14285.69,15105.12,98.9
2013-05-09,14191.48,15082.62,99.29
2013-05-10,14607.54,15118.49,101.74
2013-05-13,14782.21,15091.68,101.84
2013-05-14,14758.42,15215.25,102.18
2013-05-15,15096.03,15275.69,102.44
2013-05-16,15037.24,15233.22,102.22
2013-05-17,15138.12,15354.4,102.98
2013-05-20,15360.81,15335.28,102.54
2013-05-21,15381.02,15387.58,102.36
2013-05-22,15627.26,15307.17,103.52
2013-05-23,14483.98,15294.5,101.66
2013-05-24,14612.45,15303.1,100.98
2013-05-27,14142.65,,
2013-05-28,14311.98,15409.39,102.07
2013-05-29,14326.46,15302.8,100.91
2013-05-30,13589.03,15324.53,101.06
2013-05-31,13774.54,15115.57,100.83
2013-06-03,13261.82,15254.03,99.18
2013-06-04,13533.76,15177.54,100.15
2013-06-05,13014.87,14960.59,99.16
2013-06-06,12904.02,15040.62,97.76
2013-06-07,12877.53,15248.12,97.2
2013-06-10,13514.2,15238.59,98.88
2013-06-11,13317.62,15122.02,96.82
2013-06-12,13289.32,14995.23,95.36
2013-06-13,12445.38,15176.08,94.29
2013-06-14,12686.52,15070.18,94.34
2013-06-17,13033.12,15179.85,94.87
2013-06-18,13007.28,15318.23,95.2
2013-06-19,13245.22,15112.19,95.22
2013-06-20,13014.58,14758.32,98.18
2013-06-21,13230.13,14799.4,97.48
2013-06-24,13062.78,14659.56,97.7
2013-06-25,12969.34,14760.31,97.87
2013-06-26,12834.01,14910.14,97.43
2013-06-27,13213.55,15024.49,98.4
2013-06-28,13677.32,14909.6,99.21
2013-07-01,13852.5,14974.96,99.62
2013-07-02,14098.74,14932.41,100.43
2013-07-03,14055.56,14988.55,99.82
2013-07-04,14018.93,,
2013-07-05,14309.97,15135.84,100.94
2013-07-08,14109.34,15224.69,101.07
2013-07-09,14472.9,15300.34,101.08
2013-07-10,14416.6,15291.66,100.1
2013-07-11,14472.58,15460.92,98.8
2013-07-12,14506.25,15464.3,99.39
2013-07-15,,15484.26,100.04
2013-07-16,14599.12,15451.85,99.37
2013-07-17,14615.04,15470.52,99.7
2013-07-18,14808.5,15548.54,100.6
2013-07-19,14589.91,15543.74,100.3
2013-07-22,14658.04,15545.55,99.6
2013-07-23,14778.51,15567.74,99.76
2013-07-24,14731.28,15542.24,100.21
2013-07-25,14562.93,15555.61,99.56
2013-07-26,14129.98,15558.83,98.24
2013-07-29,13661.13,15521.97,97.8
2013-07-30,13869.82,15520.59,98.02
2013-07-31,13668.32,15499.54,98.35
2013-08-01,14005.77,15628.02,99.3
2013-08-02,14466.16,15658.36,99.04
2013-08-05,14258.04,15612.13,98.54
2013-08-06,14401.06,15518.74,97.85
2013-08-07,13824.94,15470.67,96.72
2013-08-08,13605.56,15498.32,96.03
2013-08-09,13615.19,15425.51,96.24
2013-08-12,13519.43,15419.68,96.44
2013-08-13,13867.0,15451.01,98.06
2013-08-14,14050.16,15337.66,98.15
2013-08-15,13752.94,15112.19,97.81
2013-08-16,13650.11,15081.47,97.6
2013-08-19,13758.13,15010.74,97.94
2013-08-20,13396.38,15002.99,97.12
2013-08-21,13424.33,14897.55,97.66
2013-08-22,13365.17,14963.74,98.53
2013-08-23,13660.55,15010.51,98.57
2013-08-26,13636.28,14946.46,98.64
2013-08-27,13542.37,14776.13,97.3
2013-08-28,13338.46,14824.51,97.65
2013-08-29,13459.71,14840.95,98.46
2013-08-30,13388.86,14810.31,98.22
2013-09-02,13572.92,,
2013-09-03,13978.44,14833.96,99.43
2013-09-04,14053.87,14930.87,99.61
2013-09-05,14064.82,14937.48,100.08
2013-09-06,13860.81,14922.5,99.04
2013-09-09,14205.23,15063.12,99.55
2013-09-10,14423.36,15191.06,100.22
2013-09-11,14425.07,15326.6,100.08
2013-09-12,14387.27,15300.64,99.24
2013-09-13,14404.67,15376.06,99.38
2013-09-16,,15494.78,98.98
2013-09-17,14311.67,15529.73,99.16
2013-09-18,14505.36,15676.94,99.04
2013-09-19,14766.18,15636.55,99.33
2013-09-20,14742.42,15451.09,99.38
2013-09-23,,15401.38,98.76
2013-09-24,14732.61,15334.59,98.76
2013-09-25,14620.53,15273.26,98.62
2013-09-26,14799.12,15328.3,98.95
2013-09-27,14760.07,15258.24,98.3
2013-09-30,14455.8,15129.67,98.29
2013-10-01,14484.72,15191.7,98.05
2013-10-02,14170.49,15133.14,97.36
2013-10-03,14157.25,14996.48,97.08
2013-10-04,14024.31,15072.58,97.2
2013-10-07,13853.32,14936.24,97.02
2013-10-08,13894.61,14776.53,96.94
2013-10-09,14037.84,14802.98,97.23
2013-10-10,14194.71,15126.07,98.09
2013-10-11,14404.74,15237.11,98.42
2013-10-14,,15301.26,
2013-10-15,14441.54,15168.01,98.58
2013-10-16,14467.14,15373.83,98.9
2013-10-17,14586.51,15371.65,97.85
2013-10-18,14561.54,15399.65,97.77
2013-10-21,14693.57,15392.2,98.14
2013-10-22,14713.25,15467.66,98.18
2013-10-23,14426.05,15413.33,97.28
2013-10-24,14486.41,15509.21,97.36
2013-10-25,14088.19,15570.28,97.46
2013-10-28,14396.04,15568.93,97.7
2013-10-29,14325.98,15680.35,98.09
2013-10-30,14502.35,15618.76,98.14
2013-10-31,14327.94,15545.75,98.1
2013-11-01,14201.57,15615.55,98.78
2013-11-04,,15639.12,98.62
2013-11-05,14225.37,15618.22,98.6
2013-11-06,14337.31,15746.88,98.6
2013-11-07,14228.44,15593.98,98.56
2013-11-08,14086.8,15761.78,99.03
2013-11-11,14269.84,15783.1,
2013-11-12,14588.68,15750.67,99.65
2013-11-13,14567.16,15821.63,99.31
2013-11-14,14876.41,15876.22,99.93
2013-11-15,15165.92,15961.7,100.17
2013-11-18,15164.3,15976.02,100.04
2013-11-19,15126.56,15967.03,100.14
2013-11-20,15076.08,15900.82,100.02
2013-11-21,15365.6,16009.99,100.95
2013-11-22,15381.72,16064.77,101.29
2013-11-25,15619.13,16072.54,101.7
2013-11-26,15515.24,16072.8,101.38
2013-11-27,15449.63,16097.33,102.18
2013-11-28,15727.12,,
2013-11-29,15661.87,16086.41,102.45
2013-12-02,15655.07,16008.77,103.04
2013-12-03,15749.66,15914.62,102.36
2013-12-04,15407.94,15889.77,102.48
2013-12-05,15177.49,15821.51,101.82
2013-12-06,15299.86,16020.2,102.88
2013-12-09,15650.21,16025.53,103.22
2013-12-10,15611.31,15973.13,102.8
2013-12-11,15515.06,15843.53,102.38
2013-12-12,15341.82,15739.43,103.11
2013-12-13,15403.11,15755.36,103.28
2013-12-16,15152.91,15884.57,102.91
2013-12-17,15278.63,15875.26,102.63
2013-12-18,15587.8,16167.97,103.18
2013-12-19,15859.22,16179.08,104.16
2013-12-20,15870.42,16221.14,104.07
2013-12-23,,16294.61,104.06
2013-12-24,15889.33,16357.55,104.26
2013-12-25,16009.99,,
2013-12-26,16174.44,16479.88,104.72
2013-12-27,16178.94,16478.41,105.05
2013-12-30,16291.31,16504.29,105.0
2013-12-31,,16576.66,105.25
2014-01-01,,,
2014-01-02,,16441.35,104.84
2014-01-03,,16469.99,104.46
2014-01-06,15908.88,16425.1,104.38
2014-01-07,15814.37,16530.94,104.54
2014-01-08,16121.45,16462.74,104.87
2014-01-09,15880.33,16444.76,104.74
2014-01-10,15912.06,16437.05,104.06
2014-01-13,,16257.94,103.31
2014-01-14,15422.4,16373.86,103.8
2014-01-15,15808.73,16481.94,104.42
2014-01-16,15747.2,16417.01,104.32
2014-01-17,15734.46,16458.56,104.32
2014-01-20,15641.68,,
2014-01-21,15795.96,16414.44,104.14
2014-01-22,15820.96,16373.34,104.36
2014-01-23,15695.89,16197.35,103.65
2014-01-24,15391.56,15879.11,102.41
2014-01-27,15005.73,15837.88,102.26
2014-01-28,14980.16,15928.56,102.8
2014-01-29,15383.91,15738.79,102.2
2014-01-30,15007.06,15848.61,102.83
2014-01-31,14914.53,15698.85,102.28
2014-02-03,14619.13,15372.8,101.11
2014-02-04,14008.47,15445.24,101.62
2014-02-05,14180.38,15440.23,101.38
2014-02-06,14155.12,15628.53,101.84
2014-02-07,14462.41,15794.08,102.32
2014-02-10,14718.34,15801.79,102.14
2014-02-11,,15994.77,102.63
2014-02-12,14800.06,15963.94,102.48
2014-02-13,14534.74,16027.59,102.2
2014-02-14,14313.03,16154.39,101.82
2014-02-17,14393.11,,
2014-02-18,14843.24,16130.4,102.31
2014-02-19,14766.53,16040.56,102.3
2014-02-20,14449.18,16133.23,102.32
2014-02-21,14865.67,16103.3,102.71
2014-02-24,14837.68,16207.14,102.44
2014-02-25,15051.6,16179.66,102.2
2014-02-26,14970.97,16198.41,102.36
2014-02-27,14923.11,16272.65,102.12
2014-02-28,14841.07,16321.71,102.08
2014-03-03,14652.23,16168.03,101.36
2014-03-04,14721.48,16395.88,102.18
2014-03-05,14897.63,16360.18,102.32
2014-03-06,15134.75,16421.89,103.03
2014-03-07,15274.07,16452.72,103.38
2014-03-10,15120.14,16418.68,103.23
2014-03-11,15224.11,16351.25,103.18
2014-03-12,14830.39,16340.08,102.74
2014-03-13,14815.98,16108.89,102.12
2014-03-14,14327.66,16065.67,101.46
2014-03-17,14277.67,16247.22,101.62
2014-03-18,14411.27,16336.19,101.37
2014-03-19,14462.52,16222.17,101.54
2014-03-20,14224.23,16331.05,102.39
2014-03-21,,16302.77,102.38
2014-03-24,14475.3,16276.69,102.21
2014-03-25,14423.19,16367.88,102.32
2014-03-26,14477.16,16268.99,102.3
2014-03-27,14622.89,16264.23,102.1
2014-03-28,14696.03,16323.06,102.92
2014-03-31,14827.83,16457.66,102.98
2014-04-01,14791.99,16532.61,103.52
2014-04-02,14946.32,16573.0,103.82
2014-04-03,15071.88,16572.55,103.94
2014-04-04,15063.77,16412.71,103.39
2014-04-07,14808.85,16245.87,103.04
2014-04-08,14606.88,16256.14,102.12
2014-04-09,14299.69,16437.18,101.85
2014-04-10,14300.12,16170.22,101.43
2014-04-11,13960.05,16026.75,101.56
2014-04-14,13910.16,16173.24,101.81
2014-04-15,13996.81,16262.56,101.6
2014-04-16,14417.68,16424.85,102.3
2014-04-17,14417.53,16408.54,102.22
2014-04-18,14516.27,,102.43
2014-04-21,14512.38,16449.25,102.56
2014-04-22,14388.77,16514.37,102.6
2014-04-23,14546.27,16501.65,102.26
2014-04-24,14404.99,16501.65,102.34
2014-04-25,14429.26,16361.46,102.12
2014-04-28,14288.23,16448.74,102.46
2014-04-29,,16535.37,102.57
2014-04-30,14304.11,16580.84,102.14
2014-05-01,14485.13,16558.87,102.3
2014-05-02,14457.51,16512.89,102.34
2014-05-05,,16530.55,102.06
2014-05-06,,16401.02,101.57
2014-05-07,14033.45,16518.54,101.72
2014-05-08,14163.78,16550.97,101.66
2014-05-09,14199.59,16583.34,101.74
2014-05-12,14149.52,16695.47,102.1
2014-05-13,14425.44,16715.44,102.2
2014-05-14,14405.76,16613.97,101.75
2014-05-15,14298.21,16446.81,101.44
2014-05-16,14096.59,16491.31,101.5
2014-05-19,14006.44,16511.86,101.26
2014-05-20,14075.25,16374.31,101.26
2014-05-21,14042.17,16533.06,101.44
2014-05-22,14337.79,16543.08,101.76
2014-05-23,14462.17,16606.27,101.88
2014-05-26,14602.52,,
2014-05-27,14636.52,16675.5,102.14
2014-05-28,14670.95,16633.18,101.78
2014-05-29,14681.72,16698.74,101.58
2014-05-30,14632.38,16717.17,101.77
2014-06-02,14935.92,16743.63,102.3
2014-06-03,15034.25,16722.34,102.42
2014-06-04,15067.96,16737.53,102.69
2014-06-05,15079.37,16836.11,102.44
2014-06-06,15077.24,16924.28,102.5
2014-06-09,15124.0,16943.1,102.52
2014-06-10,14994.8,16945.92,102.37
2014-06-11,15069.48,16843.88,101.94
2014-06-12,14973.53,16734.19,101.83
2014-06-13,15097.84,16775.74,102.06
2014-06-16,14933.29,16781.01,101.82
2014-06-17,14975.97,16808.49,102.18
2014-06-18,15115.8,16906.62,102.16
2014-06-19,15361.16,16921.46,101.84
2014-06-20,15349.42,16947.08,102.14
2014-06-23,15369.28,16937.26,101.9
2014-06-24,15376.24,16818.13,102.13
2014-06-25,15266.61,16867.51,101.75
2014-06-26,15308.49,16846.13,101.66
2014-06-27,15095.0,16851.84,101.39
2014-06-30,15162.1,16826.6,101.28
2014-07-01,15326.2,16956.07,101.51
2014-07-02,15369.97,16976.24,101.76
2014-07-03,15348.29,17068.26,102.19
2014-07-04,15437.13,,
2014-07-07,15379.44,17024.21,101.84
2014-07-08,15314.41,16906.62,101.53
2014-07-09,15302.65,16985.61,101.7
2014-07-10,15216.47,16915.07,101.26
2014-07-11,15164.04,16943.81,101.33
2014-07-14,15296.82,17055.42,101.58
2014-07-15,15395.16,17060.68,101.62
2014-07-16,15379.3,17138.2,101.69
2014-07-17,15370.26,16976.81,101.3
2014-07-18,15215.71,17100.18,101.37
2014-07-21,,17051.73,101.34
2014-07-22,15343.28,17113.54,101.54
2014-07-23,15328.56,17086.63,101.5
2014-07-24,15284.42,17083.8,101.82
2014-07-25,15457.87,16960.57,101.81
2014-07-28,15529.4,16982.59,101.82
2014-07-29,15618.07,16912.11,102.12
2014-07-30,15646.23,16880.36,102.9
2014-07-31,15620.77,16563.3,102.75
2014-08-01,15523.11,16493.37,102.45
2014-08-04,15474.5,16569.28,102.47
2014-08-05,15320.31,16429.47,102.77
2014-08-06,15159.79,16443.34,102.34
2014-08-07,15232.37,16368.27,102.06
2014-08-08,14778.37,16553.93,101.91
2014-08-11,15130.52,16569.98,102.14
2014-08-12,15161.31,16560.54,102.22
2014-08-13,15213.63,16651.8,102.48
2014-08-14,15314.57,16713.58,102.44
2014-08-15,15318.34,16662.91,102.19
2014-08-18,15322.6,16838.74,102.54
2014-08-19,15449.79,16919.59,102.86
2014-08-20,15454.45,16979.13,103.36
2014-08-21,15586.2,17039.49,103.78
2014-08-22,15539.19,17001.22,103.97
2014-08-25,15613.25,17076.87,103.96
2014-08-26,15521.22,17106.7,104.12
2014-08-27,15534.82,17122.01,103.98
2014-08-28,15459.86,17079.57,103.78
2014-08-29,15424.59,17098.45,104.0
2014-09-01,15476.6,,
2014-09-02,15668.6,17067.56,105.1
2014-09-03,15728.35,17078.28,104.88
2014-09-04,15676.18,17069.58,105.22
2014-09-05,15668.68,17137.36,104.94
2014-09-08,15705.11,17111.42,105.65
2014-09-09,15749.15,17013.87,106.32
2014-09-10,15788.78,17068.71,106.76
2014-09-11,15909.2,17049.0,106.87
2014-09-12,15948.29,16987.51,107.24
2014-09-15,,17031.14,107.18
2014-09-16,15911.53,17131.97,106.91
2014-09-17,15888.67,17156.85,107.58
2014-09-18,16067.57,17265.99,108.69
2014-09-19,16321.17,17279.74,108.96
2014-09-22,16205.9,17172.68,108.88
2014-09-23,,17055.87,108.82
2014-09-24,16167.45,17210.06,108.92
2014-09-25,16374.14,16945.8,108.7
2014-09-26,16229.86,17113.15,109.32
2014-09-29,16310.64,17071.22,109.34
2014-09-30,16173.52,17042.9,109.66
2014-10-01,16082.25,16804.71,109.3
2014-10-02,15661.99,16801.05,108.1
2014-10-03,15708.65,17009.69,109.7
2014-10-06,15890.95,16991.91,109.08
2014-10-07,15783.83,16719.39,108.3
2014-10-08,15595.98,16994.22,108.41
2014-10-09,15478.93,16659.25,108.0
2014-10-10,15300.55,16544.1,107.83
2014-10-13,,16321.07,
2014-10-14,14936.51,16315.19,107.15
2014-10-15,15073.52,16141.74,106.06
2014-10-16,14738.38,16117.24,105.98
2014-10-17,14532.51,16380.41,106.72
2014-10-20,15111.23,16399.67,106.87
2014-10-21,14804.28,16614.81,106.7
2014-10-22,15195.77,16461.32,107.32
2014-10-23,15138.96,16677.9,108.16
2014-10-24,15291.64,16805.41,108.06
2014-10-27,15388.72,16817.94,107.71
2014-10-28,15329.91,17005.75,108.0
2014-10-29,15553.91,16974.31,108.1
2014-10-30,15658.2,17195.42,108.94
2014-10-31,16413.76,17390.52,112.09
2014-11-03,,17366.24,113.92
2014-11-04,16862.47,17383.84,113.44
2014-11-05,16937.32,17484.53,114.62
2014-11-06,16792.48,17554.47,114.87
2014-11-07,16880.38,17573.93,114.73
2014-11-10,16780.53,17613.74,114.78
2014-11-11,17124.11,17614.9,
2014-11-12,17197.05,17612.2,115.42
2014-11-13,17392.79,17652.79,115.63
2014-11-14,17490.83,17634.74,116.52
2014-11-17,16973.8,17647.75,116.44
2014-11-18,17344.06,17687.82,116.76
2014-11-19,17288.75,17685.73,117.7
2014-11-20,17300.86,17719.0,118.14
2014-11-21,17357.51,17810.06,117.74
2014-11-24,,17817.9,118.39
2014-11-25,17407.62,17814.94,117.99
2014-11-26,17383.58,17827.75,117.6
2014-11-27,17248.5,,
2014-11-28,17459.85,17828.24,118.7
2014-12-01,17590.1,17776.8,118.14
2014-12-02,17663.22,17879.55,119.1
2014-12-03,17720.43,17912.62,119.82
2014-12-04,17887.21,17900.1,119.67
2014-12-05,17920.45,17958.79,121.38
2014-12-08,17935.64,17852.48,120.89
2014-12-09,17813.38,17801.2,118.87
2014-12-10,17412.58,17533.15,118.5
2014-12-11,17257.4,17596.34,119.4
2014-12-12,17371.58,17280.83,118.22
2014-12-15,17099.4,17180.84,117.75
2014-12-16,16755.32,17068.87,117.28
2014-12-17,16819.73,17356.87,117.64
2014-12-18,17210.05,17778.15,118.84
2014-12-19,17621.4,17804.8,119.56
2014-12-22,17635.14,17959.44,119.84
2014-12-23,,18024.17,120.68
2014-12-24,17854.23,18030.21,120.45
2014-12-25,17808.75,,
2014-12-26,17818.96,18053.71,
2014-12-29,17729.84,18038.23,120.57
2014-12-30,17450.77,17983.07,119.34
2014-12-31,,17823.07,119.85
2015-01-01,,,
2015-01-02,,17832.99,120.2
2015-01-05,17408.71,17501.65,119.64
2015-01-06,16883.19,17371.64,118.26
2015-01-07,16885.33,17584.52,119.52
2015-01-08,17167.1,17907.87,119.51
2015-01-09,17197.73,17737.37,118.66
2015-01-12,,17640.84,118.32
2015-01-13,17087.71,17613.68,118.16
2015-01-14,16795.96,17427.09,116.78
2015-01-15,17108.7,17320.71,116.95
2015-01-16,16864.16,17511.57,117.45
2015-01-19,17014.29,,
2015-01-20,17366.3,17515.23,118.48
2015-01-21,17280.48,17554.28,117.86
2015-01-22,17329.02,17813.98,117.92
2015-01-23,17511.75,17672.6,117.8
2015-01-26,17468.52,17678.7,118.38
2015-01-27,17768.3,17387.21,117.62
2015-01-28,17795.73,17191.37,117.74
2015-01-29,17606.22,17416.85,118.31
2015-01-30,17674.39,17164.95,117.44
2015-02-02,17558.04,17361.04,117.33
2015-02-03,17335.85,17666.4,117.48
2015-02-04,17678.74,17673.02,117.58
2015-02-05,17504.62,17884.88,117.4
2015-02-06,17648.5,17824.29,119.16
2015-02-09,17711.93,17729.21,118.7
2015-02-10,17652.68,17868.76,119.32
2015-02-11,,17862.14,120.38
2015-02-12,17979.72,17972.38,118.72
2015-02-13,17913.36,18019.35,118.7
2015-02-16,18004.77,,
2015-02-17,17987.09,18047.58,118.99
2015-02-18,18199.17,18029.85,119.19
2015-02-19,18264.79,17985.77,118.84
2015-02-20,18332.3,18140.44,118.68
2015-02-23,18466.92,18116.84,118.88
2015-02-24,18603.48,18209.19,119.13
2015-02-25,18585.2,18224.57,118.88
2015-02-26,18785.79,18214.42,119.36
2015-02-27,18797.94,18132.7,119.72
2015-03-02,18826.88,18288.63,120.06
2015-03-03,18815.16,18203.37,119.47
2015-03-04,18703.6,18096.9,119.76
2015-03-05,18751.84,18135.72,120.22
2015-03-06,18971.0,17856.78,120.93
2015-03-09,18790.55,17995.72,121.17
2015-03-10,18665.11,17662.94,121.2
2015-03-11,18723.52,17635.39,121.5
2015-03-12,18991.11,17895.22,121.28
2015-03-13,19254.25,17749.31,121.17
2015-03-16,19246.06,17977.42,121.3
2015-03-17,19437.0,17849.08,121.28
2015-03-18,19544.48,18076.19,120.92
2015-03-19,19476.56,17959.03,120.9
2015-03-20,19560.22,18127.65,120.28
2015-03-23,19754.36,18116.04,119.74
2015-03-24,19713.45,18011.14,119.9
2015-03-25,19746.2,17718.54,119.37
2015-03-26,19471.12,17678.23,119.01
2015-03-27,19285.63,17712.66,119.15
2015-03-30,19411.4,17976.31,120.11
2015-03-31,19206.99,17776.12,119.96
2015-04-01,19034.84,17698.18,119.62
2015-04-02,19312.79,17763.24,119.74
2015-04-03,19435.08,,118.96
2015-04-06,19397.98,17880.85,119.05
2015-04-07,19640.54,17875.42,120.36
2015-04-08,19789.81,17902.51,119.96
2015-04-09,19937.72,17958.73,120.32
2015-04-10,19907.63,18057.65,120.29
2015-04-13,19905.46,17977.04,120.32
2015-04-14,19908.68,18036.7,119.26
2015-04-15,19869.76,18112.61,119.23
2015-04-16,19885.77,18105.77,119.18
2015-04-17,19652.88,17826.3,119.02
2015-04-20,19634.49,18034.93,119.27
2015-04-21,19909.09,17949.59,119.45
2015-04-22,20133.9,18038.27,119.9
2015-04-23,20187.65,18058.69,119.69
2015-04-24,20020.04,18080.14,118.98
2015-04-27,19983.32,18037.97,119.12
2015-04-28,20058.95,18110.14,118.8
2015-04-29,,18035.53,118.83
2015-04-30,19520.01,17840.52,119.86
2015-05-01,19531.63,18024.06,120.21
2015-05-04,,18070.4,120.25
2015-05-05,,17928.2,119.87
2015-05-06,,17841.98,119.42
2015-05-07,19291.99,17924.06,119.74
2015-05-08,19379.19,18191.11,119.78
2015-05-11,19620.91,18105.17,120.05
2015-05-12,19624.84,18068.23,119.8
2015-05-13,19764.72,18060.49,119.09
2015-05-14,19570.24,18252.24,119.2
2015-05-15,19732.92,18272.56,119.36
2015-05-18,19890.27,18298.88,119.82
2015-05-19,20026.38,18312.39,120.58
2015-05-20,20196.56,18285.4,121.28
2015-05-21,20202.87,18285.74,121.06
2015-05-22,20264.41,18232.02,121.45
2015-05-25,20413.77,,
2015-05-26,20437.48,18041.54,123.08
2015-05-27,20472.58,18162.99,123.76
2015-05-28,20551.46,18126.12,124.18
2015-05-29,20563.15,18010.68,123.98
2015-06-01,20569.87,18040.37,124.64
2015-06-02,20543.19,18011.94,124.19
2015-06-03,20473.51,18076.27,124.06
2015-06-04,20488.19,17905.58,124.56
2015-06-05,20460.9,17849.46,125.58
2015-06-08,20457.19,17766.55,125.08
2015-06-09,20096.3,17764.04,124.16
2015-06-10,20046.36,18000.4,122.72
2015-06-11,20382.97,18039.37,123.62
2015-06-12,20407.08,17898.84,123.23
2015-06-15,20387.79,17791.17,123.38
2015-06-16,20257.94,17904.48,123.39
2015-06-17,20219.27,17935.74,124.25
2015-06-18,19990.82,18115.84,122.87
2015-06-19,20174.24,18015.95,122.7
2015-06-22,20428.19,18119.78,123.28
2015-06-23,20809.42,18144.07,123.71
2015-06-24,20868.03,17966.07,124.24
2015-06-25,20771.4,17890.36,123.63
2015-06-26,20706.15,17946.68,123.92
2015-06-29,20109.95,17596.35,122.5
2015-06-30,20235.73,17619.51,122.1
2015-07-01,20329.32,17757.91,123.02
2015-07-02,20522.5,17730.11,123.14
2015-07-03,20539.79,,
2015-07-06,20112.12,17683.58,122.53
2015-07-07,20376.59,17776.91,122.16
2015-07-08,19737.64,17515.42,120.54
2015-07-09,19855.5,17548.62,121.22
2015-07-10,19779.83,17760.41,122.75
2015-07-13,20089.77,17977.68,123.35
2015-07-14,20385.33,18053.58,123.39
2015-07-15,20463.33,18050.17,123.89
2015-07-16,20600.12,18120.25,124.04
2015-07-17,20650.92,18086.45,124.0
2015-07-20,,18100.41,124.24
2015-07-21,20841.97,17919.29,123.93
2015-07-22,20593.67,17851.04,124.08
2015-07-23,20683.95,17731.92,123.88
2015-07-24,20544.53,17568.53,123.74
2015-07-27,20350.1,17440.59,123.24
2015-07-28,20328.89,17630.27,123.52
2015-07-29,20302.91,17751.39,123.86
2015-07-30,20522.83,17745.98,124.38
2015-07-31,20585.24,17689.86,123.94
2015-08-03,20548.11,17598.2,123.98
2015-08-04,20520.36,17550.69,124.0
2015-08-05,20614.06,17540.47,124.84
2015-08-06,20664.44,17419.75,124.6
2015-08-07,20724.56,17373.38,124.27
2015-08-10,20808.69,17615.17,124.55
2015-08-11,20720.75,17402.84,124.9
2015-08-12,20392.77,17402.51,123.87
2015-08-13,20595.55,17408.25,124.32
2015-08-14,20519.45,17477.4,124.27
2015-08-17,20620.26,17545.18,124.33
2015-08-18,20554.47,17511.34,124.39
2015-08-19,20222.63,17348.73,124.1
2015-08-20,20033.52,16990.69,123.54
2015-08-21,19435.83,16459.75,122.11
2015-08-24,18540.68,15871.35,118.56
2015-08-25,17806.7,15666.44,119.91
2015-08-26,18376.83,16285.51,119.07
2015-08-27,18574.44,16654.77,120.89
2015-08-28,19136.32,16643.01,121.32
2015-08-31,18890.48,16528.03,121.26
2015-09-01,18165.69,16058.35,119.94
2015-09-02,18095.4,16351.38,120.0
2015-09-03,18182.39,16374.76,120.2
2015-09-04,17792.16,16102.38,119.05
2015-09-07,17860.47,,
2015-09-08,17427.08,16492.68,119.72
2015-09-09,18770.51,16253.57,120.94
2015-09-10,18299.62,16330.4,120.71
2015-09-11,18264.22,16433.09,120.66
2015-09-14,17965.7,16370.96,119.92
2015-09-15,18026.48,16599.85,120.3
2015-09-16,18171.6,16739.95,120.62
2015-09-17,18432.27,16674.74,120.9
2015-09-18,18070.21,16384.58,119.85
2015-09-21,,16510.19,120.46
2015-09-22,,16330.47,120.04
2015-09-23,,16279.89,120.12
2015-09-24,17571.83,16201.32,119.54
2015-09-25,17880.51,16314.67,120.74
2015-09-28,17645.11,16001.89,119.82
2015-09-29,16930.84,16049.13,119.76
2015-09-30,17388.15,16284.7,119.81
2015-10-01,17722.42,16272.01,119.58
2015-10-02,17725.13,16472.37,119.42
2015-10-05,18005.49,16776.43,120.36
2015-10-06,18186.1,16790.19,120.18
2015-10-07,18322.98,16912.29,119.9
2015-10-08,18141.17,17050.75,119.94
2015-10-09,18438.67,17084.49,120.3
2015-10-12,,17131.86,
2015-10-13,18234.74,17081.89,119.8
2015-10-14,17891.0,16924.75,119.21
2015-10-15,18096.9,17141.75,118.26
2015-10-16,18291.8,17215.97,119.6
2015-10-19,18131.23,17230.54,119.5
2015-10-20,18207.15,17217.11,119.79
2015-10-21,18554.28,17168.61,119.91
2015-10-22,18435.87,17489.16,120.5
2015-10-23,18825.3,17646.7,121.2
2015-10-26,18947.12,17623.05,120.87
2015-10-27,18777.04,17581.43,120.29
2015-10-28,18903.02,17779.52,120.56
2015-10-29,18935.71,17755.8,121.14
2015-10-30,19083.1,17663.54,120.7
2015-11-02,18683.24,17828.76,120.7
2015-11-03,,17918.15,121.2
2015-11-04,18926.91,17867.58,121.52
2015-11-05,19116.41,17863.43,121.71
2015-11-06,19265.6,17910.33,123.2
2015-11-09,19642.74,17730.48,123.04
2015-11-10,19671.26,17758.21,123.22
2015-11-11,19691.39,17702.22,
2015-11-12,19697.77,17448.07,122.84
2015-11-13,19596.91,17245.24,122.93
2015-11-16,19393.69,17483.01,123.11
2015-11-17,19630.63,17489.5,123.48
2015-11-18,19649.18,17737.16,123.51
2015-11-19,19859.81,17732.75,122.71
2015-11-20,19879.81,17823.81,122.8
2015-11-23,,17792.68,123.02
2015-11-24,19924.89,17812.19,122.47
2015-11-25,19847.58,17813.39,122.7
2015-11-26,19944.41,,
2015-11-27,19883.94,17798.49,122.84
2015-11-30,19747.47,17719.92,123.22
2015-12-01,20012.4,17888.35,122.88
2015-12-02,19938.13,17729.68,123.52
2015-12-03,19939.9,17477.67,123.06
2015-12-04,19504.48,17847.63,123.1
2015-12-07,19698.15,17730.51,123.31
2015-12-08,19492.6,17568.0,123.0
2015-12-09,19301.07,17492.3,121.86
2015-12-10,19046.55,17574.75,121.44
2015-12-11,19230.48,17265.21,120.94
2015-12-14,18883.42,17368.5,120.57
2015-12-15,18565.9,17524.91,121.66
2015-12-16,19049.91,17749.09,121.88
2015-12-17,19353.56,17495.84,122.75
2015-12-18,18986.8,17128.55,121.2
2015-12-21,18916.02,17251.62,120.99
2015-12-22,18886.7,17417.27,120.94
2015-12-23,,17602.61,120.94
2015-12-24,18789.69,17552.17,120.32
2015-12-25,18769.06,,
2015-12-28,18873.35,17528.27,120.3
2015-12-29,18982.23,17720.98,120.44
2015-12-30,19033.71,17603.87,120.6
2015-12-31,,17425.03,120.27
2016-01-01,,,
2016-01-04,18450.98,17148.94,119.3
2016-01-05,18374.0,17158.66,118.95
2016-01-06,18191.32,16906.51,118.54
2016-01-07,17767.34,16514.1,118.0
2016-01-08,17697.96,16346.45,117.74
2016-01-11,,16398.57,117.48
2016-01-12,17218.96,16516.22,117.78
2016-01-13,17715.63,16151.41,118.06
2016-01-14,17240.95,16379.05,118.03
2016-01-15,17147.11,15988.08,116.78
2016-01-18,16955.57,,
2016-01-19,17048.37,16016.02,117.66
2016-01-20,16416.19,15766.74,116.38
2016-01-21,16017.26,15882.68,117.61
2016-01-22,16958.53,16093.51,118.37
2016-01-25,17110.91,15885.22,118.55
2016-01-26,16708.9,16167.23,118.5
2016-01-27,17163.92,15944.46,118.9
2016-01-28,17041.45,16069.64,118.61
2016-01-29,17518.3,16466.3,121.05
2016-02-01,17865.23,16449.18,121.06
2016-02-02,17750.68,16153.54,120.27
2016-02-03,17191.25,16336.66,117.92
2016-02-04,17044.99,16416.58,116.75
2016-02-05,16819.59,16204.97,116.99
2016-02-08,17004.3,16027.05,115.7
2016-02-09,16085.44,16014.38,114.8
2016-02-10,15713.39,15914.74,114.03
2016-02-11,,15660.18,111.72
2016-02-12,14952.61,15973.84,112.96
2016-02-15,16022.58,,
2016-02-16,16054.43,16196.41,113.9
2016-02-17,15836.36,16453.83,114.14
2016-02-18,16196.8,16413.43,113.62
2016-02-19,15967.17,16391.99,112.42
2016-02-22,16111.05,16620.66,113.12
2016-02-23,16052.05,16431.78,112.17
2016-02-24,15915.79,16484.99,111.36
2016-02-25,16140.34,16697.29,112.7
2016-02-26,16188.41,16639.97,113.78
2016-02-29,16026.76,16516.5,112.9
2016-03-01,16085.51,16865.08,113.94
2016-03-02,16746.55,16899.32,113.81
2016-03-03,16960.16,16943.9,113.53
2016-03-04,17014.78,17006.77,113.91
2016-03-07,16911.32,17073.95,113.6
2016-03-08,16783.15,16964.1,112.58
2016-03-09,16642.2,17000.36,113.06
2016-03-10,16852.35,16995.13,113.1
2016-03-11,16938.87,17213.31,113.66
2016-03-14,17233.75,17229.13,113.59
2016-03-15,17117.07,17251.53,112.88
2016-03-16,16974.45,17325.76,113.69
2016-03-17,16936.38,17481.49,111.3
2016-03-18,16724.81,17602.3,111.38
2016-03-21,,17623.87,111.62
2016-03-22,17048.55,17582.57,111.82
2016-03-23,17000.98,17502.59,112.63
2016-03-24,16892.33,17515.73,112.64
2016-03-25,17002.75,,113.05
2016-03-28,17134.37,17535.39,113.29
2016-03-29,17103.53,17633.11,113.33
2016-03-30,16878.96,17716.66,112.6
2016-03-31,16758.67,17685.09,112.42
2016-04-01,16164.16,17792.75,112.06
2016-04-04,16123.27,17737.0,111.18
2016-04-05,15732.82,17603.32,110.26
2016-04-06,15715.36,17716.05,109.63
2016-04-07,15749.84,17541.96,107.98
2016-04-08,15821.52,17576.96,108.36
2016-04-11,15751.13,17556.41,107.96
2016-04-12,15928.79,17721.25,108.54
2016-04-13,16381.22,17908.28,109.21
2016-04-14,16911.05,17926.43,109.2
2016-04-15,16848.03,17897.46,108.76
2016-04-18,16275.95,18004.16,108.85
2016-04-19,16874.44,18053.6,109.16
2016-04-20,16906.54,18096.27,109.51
2016-04-21,17363.62,17982.52,109.41
2016-04-22,17572.49,18003.75,111.5
2016-04-25,17439.3,17977.24,111.08
2016-04-26,17353.28,17990.32,111.23
2016-04-27,17290.49,18041.55,111.26
2016-04-28,16666.05,17830.76,108.55
2016-04-29,,17773.64,106.9
2016-05-02,16147.38,17891.16,106.48
2016-05-03,,17750.91,106.34
2016-05-04,,17651.26,107.12
2016-05-05,,17660.71,107.32
2016-05-06,16106.72,17740.63,106.66
2016-05-09,16216.03,17705.91,108.39
2016-05-10,16565.19,17928.35,109.22
2016-05-11,16579.01,17711.12,108.48
2016-05-12,16646.34,17720.5,108.73
2016-05-13,16412.21,17535.32,109.14
2016-05-16,16466.4,17710.71,108.89
2016-05-17,16652.8,17529.98,109.02
2016-05-18,16644.69,17526.62,109.65
2016-05-19,16646.66,17435.4,109.81
2016-05-20,16736.35,17500.94,110.52
2016-05-23,16654.6,17492.93,109.47
2016-05-24,16498.76,17706.05,110.0
2016-05-25,16757.35,17851.51,110.22
2016-05-26,16772.46,17828.29,109.74
2016-05-27,16834.84,17873.22,109.86
2016-05-30,17068.02,,
2016-05-31,17234.98,17787.2,110.75
2016-06-01,16955.73,17789.67,109.55
2016-06-02,16562.55,17838.56,108.75
2016-06-03,16642.23,17807.06,106.88
2016-06-06,16580.03,17920.33,107.33
2016-06-07,16675.45,17938.28,107.3
2016-06-08,16830.92,18005.05,106.68
2016-06-09,16668.41,17985.19,106.54
2016-06-10,16601.36,17865.34,107.06
2016-06-13,16019.18,17732.48,106.07
2016-06-14,15859.0,17674.82,106.02
2016-06-15,15919.58,17640.17,105.87
2016-06-16,15434.14,17733.1,104.05
2016-06-17,15599.66,17675.16,104.2
2016-06-20,15965.3,17804.87,104.32
2016-06-21,16169.11,17829.73,104.56
2016-06-22,16065.72,17780.83,104.56
2016-06-23,16238.35,18011.07,105.9
2016-06-24,14952.02,17400.75,102.26
2016-06-27,15309.21,17140.24,101.66
2016-06-28,15323.14,17409.72,102.71
2016-06-29,15566.83,17694.68,102.68
2016-06-30,15575.92,17929.99,102.77
2016-07-01,15682.48,17949.37,102.55
2016-07-04,15775.8,,
2016-07-05,15669.33,17840.62,101.58
2016-07-06,15378.99,17918.62,101.12
2016-07-07,15276.24,17895.88,100.74
2016-07-08,15106.98,18146.74,100.65
2016-07-11,15708.82,18226.93,102.66
2016-07-12,16095.65,18347.67,104.72
2016-07-13,16231.43,18372.12,104.1
2016-07-14,16385.89,18506.41,105.4
2016-07-15,16497.85,18516.55,105.64
2016-07-18,,18533.05,106.0
2016-07-19,16723.31,18559.01,106.13
2016-07-20,16681.89,18595.03,106.65
2016-07-21,16810.22,18517.23,105.98
2016-07-22,16627.25,18570.85,106.22
2016-07-25,16620.29,18493.06,106.02
2016-07-26,16383.04,18473.75,104.83
2016-07-27,16664.82,18472.17,105.65
2016-07-28,16476.84,18456.35,104.86
2016-07-29,16569.27,18432.24,102.32
2016-08-01,16635.77,18404.51,102.26
2016-08-02,16391.45,18313.77,100.82
2016-08-03,16083.11,18355.0,101.34
2016-08-04,16254.89,18352.05,101.08
2016-08-05,16254.45,18543.53,101.74
2016-08-08,16650.57,18529.29,102.53
2016-08-09,16764.97,18533.05,101.96
2016-08-10,16735.12,18495.66,101.27
2016-08-11,,18613.52,101.46
2016-08-12,16919.92,18576.47,101.01
2016-08-15,16869.56,18636.05,101.02
2016-08-16,16596.51,18552.02,100.28
2016-08-17,16745.64,18573.94,100.24
2016-08-18,16486.01,18597.7,100.07
2016-08-19,16545.82,18552.57,100.24
2016-08-22,16598.19,18529.42,100.25
2016-08-23,16497.36,18547.3,100.2
2016-08-24,16597.3,18481.48,100.5
2016-08-25,16555.95,18448.41,100.58
2016-08-26,16360.71,18395.4,101.2
2016-08-29,16737.49,18502.99,102.13
2016-08-30,16725.36,18454.3,102.92
2016-08-31,16887.4,18400.88,103.38
2016-09-01,16926.84,18419.3,103.22
2016-09-02,16925.68,18491.96,104.18
2016-09-05,17037.63,,
2016-09-06,17081.98,18538.12,102.28
2016-09-07,17012.44,18526.14,101.72
2016-09-08,16958.77,18479.91,102.28
2016-09-09,16965.76,18085.45,102.86
2016-09-12,16672.92,18325.07,101.96
2016-09-13,16729.04,18066.75,102.14
2016-09-14,16614.24,18034.77,102.33
2016-09-15,16405.01,18212.48,102.24
2016-09-16,16519.29,18123.8,102.36
2016-09-19,,18120.17,101.82
2016-09-20,16492.15,18129.96,101.66
2016-09-21,16807.62,18293.7,100.62
2016-09-22,,18392.46,100.8
2016-09-23,16754.02,18261.45,101.04
2016-09-26,16544.56,18094.83,100.34
2016-09-27,16683.93,18228.3,100.36
2016-09-28,16465.4,18339.24,100.57
2016-09-29,16693.71,18143.45,101.48
2016-09-30,16449.84,18308.15,101.21
2016-10-03,16598.67,18253.85,101.54
2016-10-04,16735.65,18168.45,102.66
2016-10-05,16819.24,18281.03,103.53
2016-10-06,16899.1,18268.5,104.02
2016-10-07,16860.09,18240.49,103.42
2016-10-10,,18329.04,
2016-10-11,17024.76,18128.66,103.36
2016-10-12,16840.0,18144.2,104.48
2016-10-13,16774.24,18098.94,103.62
2016-10-14,16856.37,18138.38,104.1
2016-10-17,16900.12,18086.4,103.96
2016-10-18,16963.61,18161.94,103.8
2016-10-19,16998.91,18202.62,103.3
2016-10-20,17235.5,18162.35,103.92
2016-10-21,17184.59,18145.71,103.96
2016-10-24,17234.42,18223.03,104.2
2016-10-25,17365.25,18169.27,104.25
2016-10-26,17391.84,18199.33,104.42
2016-10-27,17336.42,18169.68,105.14
2016-10-28,17446.41,18161.19,105.4
2016-10-31,17425.02,18142.42,105.07
2016-11-01,17442.4,18037.1,104.59
2016-11-02,17134.68,17959.64,103.22
2016-11-03,,17930.67,103.17
2016-11-04,16905.36,17888.28,103.02
2016-11-07,17177.21,18259.6,104.6
2016-11-08,17171.38,18332.74,104.98
2016-11-09,16251.54,18589.69,104.84
2016-11-10,17344.42,18807.88,106.56
2016-11-11,17374.79,18847.66,
2016-11-14,17672.62,18868.69,108.3
2016-11-15,17668.15,18923.06,108.94
2016-11-16,17862.21,18868.14,109.16
2016-11-17,17862.63,18903.82,109.64
2016-11-18,17967.41,18867.93,110.51
2016-11-21,18106.02,18956.69,111.12
2016-11-22,18162.94,19023.87,110.98
2016-11-23,,19083.18,112.58
2016-11-24,18333.41,,
2016-11-25,18381.22,19152.14,113.17
2016-11-28,18356.89,19097.9,112.36
2016-11-29,18307.04,19121.6,112.78
2016-11-30,18308.48,19123.58,114.34
2016-12-01,18513.12,19191.93,114.34
2016-12-02,18426.08,19170.42,113.76
2016-12-05,18274.99,19216.24,114.1
2016-12-06,18360.54,19251.78,113.98
2016-12-07,18496.69,19549.62,113.5
2016-12-08,18765.47,19614.81,114.16
2016-12-09,18996.37,19756.85,115.17
2016-12-12,19155.03,19796.43,115.34
2016-12-13,19250.52,19911.21,115.26
2016-12-14,19253.61,19792.53,115.06
2016-12-15,19273.79,19852.24,118.32
2016-12-16,19401.15,19843.41,117.74
2016-12-19,19391.6,19883.06,116.6
2016-12-20,19494.53,19974.62,117.86
2016-12-21,19444.49,19941.96,117.79
2016-12-22,19427.67,19918.88,117.48
2016-12-23,,19933.81,117.22
2016-12-26,19396.64,,
2016-12-27,19403.06,19945.04,117.52
2016-12-28,19401.72,19833.68,117.66
2016-12-29,19145.14,19819.78,116.32
2016-12-30,19114.37,19762.6,116.78
2017-01-02,,,
2017-01-03,,19881.76,117.68
2017-01-04,19594.16,19942.16,117.38
2017-01-05,19520.69,19899.29,115.46
2017-01-06,19454.33,19963.8,116.85
2017-01-09,,19887.38,116.07
2017-01-10,19301.44,19855.53,115.74
2017-01-11,19364.67,19954.28,116.26
2017-01-12,19134.7,19891.0,113.87
2017-01-13,19287.28,19885.73,115.03
2017-01-16,19095.24,,
2017-01-17,18813.53,19826.77,112.96
2017-01-18,18894.37,19804.72,113.4
2017-01-19,19072.25,19732.4,115.3
2017-01-20,19137.91,19827.25,
2017-01-23,18891.03,19799.85,112.9
2017-01-24,18787.99,19912.71,113.63
2017-01-25,19057.5,20068.51,113.6
2017-01-26,19402.39,20100.91,114.7
2017-01-27,19467.4,20093.78,115.16
2017-01-30,19368.85,19971.13,113.86
2017-01-31,19041.34,19864.09,112.72
2017-02-01,19148.08,19890.94,113.29
2017-02-02,18914.58,19884.91,112.48
2017-02-03,18918.2,20071.46,112.42
2017-02-06,18976.71,20052.42,112.32
2017-02-07,18910.78,20090.29,112.14
2017-02-08,19007.6,20054.34,111.74
2017-02-09,18907.67,20172.4,113.24
2017-02-10,19378.93,20269.37,113.22
2017-02-13,19459.15,20412.16,113.79
2017-02-14,19238.98,20504.41,114.34
2017-02-15,19437.98,20611.86,114.17
2017-02-16,19347.53,20619.77,113.36
2017-02-17,19234.62,20624.05,112.86
2017-02-20,19251.08,,
2017-02-21,19381.44,20743.0,113.48
2017-02-22,19379.87,20775.6,113.46
2017-02-23,19371.46,20810.32,112.68
2017-02-24,19283.54,20821.76,112.26
2017-02-27,19107.47,20837.44,112.01
2017-02-28,19118.99,20812.24,112.06
2017-03-01,19393.54,21115.55,113.66
2017-03-02,19564.8,21002.97,114.45
2017-03-03,19469.17,21005.71,114.6
2017-03-06,19379.14,20954.34,113.92
2017-03-07,19344.15,20924.76,113.99
2017-03-08,19254.03,20855.73,114.58
2017-03-09,19318.58,20858.19,114.71
2017-03-10,19604.61,20902.98,115.02
2017-03-13,19633.75,20881.48,114.61
2017-03-14,19609.5,20837.37,114.63
2017-03-15,19577.38,20950.1,114.66
2017-03-16,19590.14,20934.55,113.02
2017-03-17,19521.59,20914.62,112.67
2017-03-20,,20905.86,112.59
2017-03-21,19455.88,20668.01,111.9
2017-03-22,19041.38,20661.3,111.06
2017-03-23,19085.31,20656.58,111.12
2017-03-24,19262.53,20596.72,111.03
2017-03-27,18985.59,20550.98,110.48
2017-03-28,19202.87,20701.5,110.56
2017-03-29,19217.48,20659.32,111.05
2017-03-30,19063.22,20728.49,111.36
2017-03-31,18909.26,20663.22,111.41
2017-04-03,18983.23,20650.21,110.96
2017-04-04,18810.25,20689.24,110.74
2017-04-05,18861.27,20648.15,111.2
2017-04-06,18597.06,20662.95,111.02
2017-04-07,18664.63,20656.1,110.76
2017-04-10,18797.88,20658.02,110.95
2017-04-11,18747.87,20651.3,109.74
2017-04-12,18552.61,20591.86,109.54
2017-04-13,18426.84,20453.25,109.23
2017-04-14,18335.63,,108.63
2017-04-17,18355.26,20636.92,108.46
2017-04-18,18418.59,20523.28,108.4
2017-04-19,18432.2,20404.49,109.06
2017-04-20,18430.49,20578.71,109.34
2017-04-21,18620.75,20547.76,109.08
2017-04-24,18875.88,20763.89,109.74
2017-04-25,19079.33,20996.12,110.88
2017-04-26,19289.43,20975.09,111.52
2017-04-27,19251.87,20981.33,111.13
2017-04-28,19196.74,20940.51,111.44
2017-05-01,19310.52,20913.46,111.78
2017-05-02,19445.7,20949.89,112.06
2017-05-03,,20957.9,112.34
2017-05-04,,20951.47,112.7
2017-05-05,,21006.94,112.63
2017-05-08,19895.7,21012.28,112.84
2017-05-09,19843.0,20975.78,114.19
2017-05-10,19900.09,20943.11,114.02
2017-05-11,19961.55,20919.42,113.77
2017-05-12,19883.9,20896.61,113.3
2017-05-15,19869.85,20981.94,113.54
2017-05-16,19919.82,20979.75,113.24
2017-05-17,19814.88,20606.93,111.46
2017-05-18,19553.86,20663.02,110.82
2017-05-19,19590.76,20804.84,111.47
2017-05-22,19678.28,20894.83,111.15
2017-05-23,19613.28,20937.91,111.64
2017-05-24,19742.98,21012.42,112.02
2017-05-25,19813.13,21082.95,111.7
2017-05-26,19686.84,21080.28,111.3
2017-05-29,19682.57,,
2017-05-30,19677.85,21029.47,110.68
2017-05-31,19650.57,21008.65,110.71
2017-06-01,19860.03,21144.18,111.24
2017-06-02,20177.28,21206.29,110.49
2017-06-05,20170.82,21184.04,110.49
2017-06-06,19979.9,21136.23,109.34
2017-06-07,19984.62,21173.69,109.54
2017-06-08,19909.26,21182.53,110.1
2017-06-09,20013.26,21271.97,110.61
2017-06-12,19908.58,21235.67,109.72
2017-06-13,19898.75,21328.47,110.12
2017-06-14,19883.52,21374.56,109.16
2017-06-15,19831.82,21359.9,110.66
2017-06-16,19943.26,21384.28,110.84
2017-06-19,20067.75,21528.99,111.34
2017-06-20,20230.41,21467.14,111.46
2017-06-21,20138.79,21410.03,111.58
2017-06-22,20110.51,21397.29,111.36
2017-06-23,20132.67,21394.76,111.26
2017-06-26,20153.35,21409.55,111.48
2017-06-27,20225.09,21310.66,112.42
2017-06-28,20130.41,21454.61,112.18
2017-06-29,20220.3,21287.03,112.32
2017-06-30,20033.43,21349.63,112.4
2017-07-03,20055.8,21479.27,113.32
2017-07-04,20032.35,,
2017-07-05,20081.63,21478.17,113.2
2017-07-06,19994.06,21320.04,113.28
2017-07-07,19929.09,21414.34,114.1
2017-07-10,20080.98,21408.52,114.08
2017-07-11,20195.48,21409.07,114.2
2017-07-12,20098.38,21532.14,113.19
2017-07-13,20099.81,21553.09,113.39
2017-07-14,20118.86,21637.74,112.66
2017-07-17,,21629.72,112.76
2017-07-18,19999.91,21574.73,111.89
2017-07-19,20020.86,21640.75,111.77
2017-07-20,20144.59,21611.78,111.68
2017-07-21,20099.75,21580.07,111.18
2017-07-24,19975.67,21513.17,111.1
2017-07-25,19955.2,21613.43,111.57
2017-07-26,20050.16,21711.01,112.1
2017-07-27,20079.64,21796.55,111.62
2017-07-28,19959.84,21830.31,110.87
2017-07-31,19925.18,21891.12,110.38
2017-08-01,19985.79,21963.92,110.33
2017-08-02,20080.04,22016.24,110.43
2017-08-03,20029.26,22026.1,110.12
2017-08-04,19952.33,22092.81,110.76
2017-08-07,20055.89,22118.42,110.76
2017-08-08,19996.01,22085.34,110.74
2017-08-09,19738.71,22048.7,110.04
2017-08-10,19729.74,21844.01,109.37
2017-08-11,,21858.32,109.06
2017-08-14,19537.1,21993.71,109.48
2017-08-15,19753.31,21998.99,110.42
2017-08-16,19729.28,22024.87,110.8
2017-08-17,19702.63,21750.73,109.88
2017-08-18,19470.41,21674.51,109.32
2017-08-21,19393.13,21703.75,108.89
2017-08-22,19383.84,21899.89,109.4
2017-08-23,19434.64,21812.09,109.14
2017-08-24,19353.77,21783.4,109.34
2017-08-25,19452.61,21813.67,109.24
2017-08-28,19449.9,21808.4,109.22
2017-08-29,19362.55,21865.37,109.02
2017-08-30,19506.54,21892.43,110.2
2017-08-31,19646.24,21948.1,110.06
2017-09-01,19691.47,21987.56,110.09
2017-09-04,19508.25,,
2017-09-05,19385.81,21753.31,108.94
2017-09-06,19357.97,21807.64,108.75
2017-09-07,19396.52,21784.78,108.26
2017-09-08,19274.82,21797.79,107.72
2017-09-11,19545.77,22057.37,109.03
2017-09-12,19776.62,22118.86,110.01
2017-09-13,19865.82,22158.18,110.58
2017-09-14,19807.44,22203.48,110.66
2017-09-15,19909.5,22268.34,110.84
2017-09-18,,22331.35,111.48
2017-09-19,20299.38,22370.8,111.49
2017-09-20,20310.46,22412.59,111.5
2017-09-21,20347.48,22359.23,112.3
2017-09-22,20296.45,22349.59,112.01
2017-09-25,20397.58,22296.09,111.64
2017-09-26,20330.19,22284.32,112.16
2017-09-27,20267.05,22340.71,112.76
2017-09-28,20363.11,22381.2,112.66
2017-09-29,20356.28,22405.09,112.64
2017-10-02,20400.78,22557.6,112.6
2017-10-03,20614.07,22641.67,112.8
2017-10-04,20626.66,22661.64,112.84
2017-10-05,20628.56,22775.39,112.74
2017-10-06,20690.71,22773.67,112.68
2017-10-09,,22761.07,
2017-10-10,20823.51,22830.68,112.15
2017-10-11,20881.27,22872.89,112.35
2017-10-12,20954.72,22841.01,112.38
2017-10-13,21155.18,22871.72,111.94
2017-10-16,21255.56,22956.96,111.72
2017-10-17,21336.12,22997.44,112.32
2017-10-18,21363.05,23157.6,112.94
2017-10-19,21448.52,23163.04,112.54
2017-10-20,21457.64,23328.63,113.5
2017-10-23,21696.65,23273.96,113.66
2017-10-24,21805.17,23441.76,113.92
2017-10-25,21707.62,23329.46,113.7
2017-10-26,21739.78,23400.86,113.72
2017-10-27,22008.45,23434.19,113.82
2017-10-30,22011.67,23348.74,113.26
2017-10-31,22011.61,23377.24,113.63
2017-11-01,22420.08,23435.01,114.04
2017-11-02,22539.12,23516.26,113.84
2017-11-03,,23539.19,114.25
2017-11-06,22548.35,23548.42,113.9
2017-11-07,22937.6,23557.23,113.9
2017-11-08,22913.82,23563.36,113.62
2017-11-09,22868.71,23461.94,113.4
2017-11-10,22681.42,23422.21,
2017-11-13,22380.99,23439.7,113.62
2017-11-14,22380.01,23409.47,113.5
2017-11-15,22028.32,23271.28,113.15
2017-11-16,22351.12,23458.36,112.89
2017-11-17,22396.8,23358.24,111.98
2017-11-20,22261.76,23430.33,112.49
2017-11-21,22416.48,23590.83,112.46
2017-11-22,22523.15,23526.18,111.62
2017-11-23,,,
2017-11-24,22550.85,23557.99,111.54
2017-11-27,22495.99,23580.78,111.0
2017-11-28,22486.24,23836.71,111.13
2017-11-29,22597.2,23940.68,111.75
2017-11-30,22724.96,24272.35,112.3
2017-12-01,22819.03,24231.59,111.88
2017-12-04,22707.16,24290.05,112.8
2017-12-05,22622.38,24180.64,112.76
2017-12-06,22177.04,24140.91,112.32
2017-12-07,22498.03,24211.48,112.7
2017-12-08,22811.08,24329.16,113.55
2017-12-11,22938.73,24386.03,113.34
2017-12-12,22866.17,24504.8,113.62
2017-12-13,22758.07,24585.43,113.19
2017-12-14,22694.45,24508.66,112.56
2017-12-15,22553.22,24651.74,112.68
2017-12-18,22901.77,24792.2,112.4
2017-12-19,22868.0,24754.75,112.98
2017-12-20,22891.72,24726.65,113.29
2017-12-21,22866.1,24782.29,113.42
2017-12-22,22902.76,24754.06,113.3
2017-12-25,22939.18,,
2017-12-26,22892.69,24746.21,113.2
2017-12-27,22911.21,24774.3,113.28
2017-12-28,22783.98,24837.51,112.85
2017-12-29,22764.94,24719.22,112.69
2018-01-01,,,
2018-01-02,,24824.01,112.18
2018-01-03,,24922.68,112.28
2018-01-04,23506.33,25075.13,112.78
2018-01-05,23714.53,25295.87,113.18
2018-01-08,,25283.0,113.08
2018-01-09,23849.99,25385.8,112.57
2018-01-10,23788.2,25369.13,111.48
2018-01-11,23710.43,25574.73,111.35
2018-01-12,23653.82,25803.19,111.23
2018-01-15,23714.88,,
2018-01-16,23951.81,25792.86,110.74
2018-01-17,23868.34,26115.65,110.81
2018-01-18,23763.37,26017.81,110.88
2018-01-19,23808.06,26071.72,110.56
2018-01-22,23816.33,26214.6,111.15
2018-01-23,24124.15,26210.81,110.46
2018-01-24,23940.78,26252.12,109.15
2018-01-25,23669.49,26392.79,108.7
2018-01-26,23631.88,26616.71,108.38
2018-01-29,23629.34,26439.48,
2018-01-30,23291.97,26076.89,
2018-01-31,23098.29,,
